YEAR,DOY,T2M_MAX,T2M_MIN,PRECTOTCORR,QV2M,ALLSKY_SFC_SW_DWN
2020,1,32.14,13.69,0.0,5.82,21.22
2020,2,29.2,12.24,0.0,5.4,21.89
2020,3,29.17,11.11,0.0,5.67,21.52
2020,4,31.0,13.62,0.0,7.11,16.8
2020,5,32.32,15.45,0.0,8.92,16.64
2020,6,33.39,18.5,0.0,10.57,16.22
2020,7,33.78,18.1,0.0,10.55,15.09
2020,8,34.32,20.75,0.0,12.04,15.41
2020,9,34.88,19.1,0.0,9.79,17.84
2020,10,33.25,18.64,0.0,11.42,17.74
2020,11,33.68,19.84,0.01,14.51,14.79
2020,12,34.92,21.56,0.0,14.48,17.98
2020,13,35.34,22.06,0.0,11.87,19.14
2020,14,34.86,17.99,0.0,8.54,20.26
2020,15,36.45,17.15,0.0,8.32,21.93
2020,16,35.01,17.9,0.0,7.7,19.8
2020,17,34.13,15.67,0.0,7.04,20.77
2020,18,34.02,15.3,0.0,6.65,21.02
2020,19,31.87,16.35,0.0,7.55,16.83
2020,20,34.56,17.34,0.0,9.26,17.76
2020,21,34.87,20.47,0.0,9.85,16.55
2020,22,36.71,18.87,0.0,7.93,17.18
2020,23,34.63,18.25,0.0,7.0,18.91
2020,24,34.71,15.56,0.0,5.29,21.2
2020,25,33.83,14.04,0.0,4.73,23.06
2020,26,34.63,13.39,0.0,5.27,21.1
2020,27,35.05,14.44,0.0,5.63,19.6
2020,28,35.06,15.12,0.0,6.11,15.83
2020,29,36.09,16.35,0.0,5.38,20.63
2020,30,36.36,15.13,0.0,4.67,21.63
2020,31,33.4,15.72,0.0,5.58,21.48
2020,32,34.28,16.73,0.0,5.52,21.29
2020,33,34.67,14.98,0.0,4.68,22.66
2020,34,34.8,14.92,0.0,4.91,21.69
2020,35,34.57,15.8,0.0,5.87,21.1
2020,36,34.54,16.97,0.0,5.6,20.39
2020,37,35.41,16.95,0.0,5.5,20.3
2020,38,36.09,17.01,0.0,5.36,21.48
2020,39,36.12,17.43,0.0,5.33,22.31
2020,40,37.37,17.5,0.0,7.24,20.83
2020,41,36.33,21.46,0.0,9.13,15.75
2020,42,34.22,20.17,0.0,6.56,14.4
2020,43,34.27,18.28,0.0,5.19,14.66
2020,44,33.34,17.49,0.0,5.93,13.67
2020,45,36.83,17.01,0.0,5.85,15.92
2020,46,37.58,17.73,0.0,5.3,21.95
2020,47,38.42,16.58,0.0,5.21,22.49
2020,48,38.33,17.48,0.0,6.64,20.01
2020,49,35.42,20.7,0.19,7.42,20.47
2020,50,37.18,18.36,0.0,6.07,19.23
2020,51,37.93,19.78,0.0,7.02,20.26
2020,52,39.15,19.6,0.0,7.67,19.65
2020,53,38.23,20.97,0.0,7.91,19.34
2020,54,38.51,20.23,0.0,6.27,21.96
2020,55,37.28,19.12,0.0,5.27,21.01
2020,56,37.32,18.3,0.0,5.86,21.31
2020,57,37.11,18.03,0.0,8.08,18.52
2020,58,37.38,22.16,0.0,12.9,19.7
2020,59,38.52,23.63,0.01,12.2,17.79
2020,60,39.5,23.92,0.0,11.08,21.32
2020,61,39.08,24.26,0.01,15.13,20.34
2020,62,33.85,25.67,0.57,16.3,17.41
2020,63,37.42,24.67,0.68,15.15,19.78
2020,64,36.67,25.13,0.08,15.25,19.97
2020,65,37.98,24.24,0.05,14.67,21.43
2020,66,35.36,23.9,0.2,13.79,20.79
2020,67,38.23,22.25,0.05,12.42,23.22
2020,68,39.15,23.25,0.15,13.83,22.52
2020,69,39.88,24.47,0.1,13.83,18.96
2020,70,38.32,26.05,5.31,15.76,19.65
2020,71,33.95,24.1,0.09,16.26,20.65
2020,72,38.7,23.97,0.01,15.29,24.29
2020,73,37.61,24.2,0.67,15.71,19.65
2020,74,38.17,24.25,1.22,12.25,18.62
2020,75,39.07,22.14,0.0,10.79,20.89
2020,76,38.09,22.78,0.04,14.55,22.96
2020,77,39.66,24.43,0.01,15.47,20.84
2020,78,38.52,25.33,0.1,15.65,20.8
2020,79,38.63,25.88,1.39,16.02,20.81
2020,80,37.8,25.61,0.86,16.4,20.23
2020,81,37.44,25.24,0.56,15.76,19.12
2020,82,34.98,25.11,0.36,16.51,21.3
2020,83,33.95,24.82,18.27,16.73,20.53
2020,84,32.04,23.66,8.63,17.19,11.63
2020,85,34.22,22.58,0.12,15.63,21.77
2020,86,35.53,23.02,0.01,16.01,23.44
2020,87,34.84,24.01,1.18,16.32,25.02
2020,88,36.28,23.26,0.29,15.98,25.4
2020,89,38.23,23.6,0.37,16.42,24.45
2020,90,35.17,24.36,0.35,17.27,22.43
2020,91,36.74,24.38,1.6,17.12,17.95
2020,92,34.66,24.48,0.37,17.27,19.58
2020,93,36.35,24.09,0.04,17.06,19.33
2020,94,38.59,24.94,0.2,16.27,24.79
2020,95,37.36,24.77,1.74,16.62,20.66
2020,96,38.48,23.01,0.5,15.66,22.82
2020,97,38.54,24.12,0.6,16.37,22.16
2020,98,33.3,24.53,3.81,17.37,20.97
2020,99,31.82,23.8,5.54,17.7,19.24
2020,100,34.33,23.44,12.0,16.98,23.77
2020,101,31.32,23.39,12.29,15.92,17.16
2020,102,31.58,21.64,0.3,14.73,22.9
2020,103,33.22,22.72,0.15,16.23,22.41
2020,104,36.06,21.19,0.09,15.7,24.88
2020,105,36.2,23.61,0.02,16.88,23.39
2020,106,38.29,23.79,0.34,16.66,23.76
2020,107,39.24,24.54,0.14,15.69,22.71
2020,108,39.29,23.99,0.64,15.88,20.12
2020,109,36.87,24.78,2.24,17.47,19.06
2020,110,35.33,24.21,4.08,17.21,20.91
2020,111,37.09,23.05,3.42,15.87,21.32
2020,112,35.55,24.31,0.57,16.47,22.24
2020,113,31.99,24.44,6.48,17.59,22.23
2020,114,32.63,23.95,4.55,18.25,20.26
2020,115,35.94,23.18,1.43,17.02,24.39
2020,116,30.99,24.12,2.35,18.17,24.77
2020,117,32.38,23.81,1.13,17.8,16.7
2020,118,33.81,23.52,1.45,17.16,26.13
2020,119,33.85,23.91,0.22,17.08,25.78
2020,120,35.31,23.68,0.88,17.12,22.99
2020,121,33.69,23.97,1.11,17.57,21.91
2020,122,35.26,23.66,1.47,17.11,22.53
2020,123,34.26,23.89,1.39,17.39,23.22
2020,124,34.56,23.99,4.58,17.76,20.19
2020,125,35.16,23.77,1.6,17.05,25.59
2020,126,37.87,23.02,1.58,16.56,24.35
2020,127,36.69,24.13,2.27,16.42,22.95
2020,128,37.92,23.41,3.88,16.74,24.69
2020,129,36.89,24.35,7.04,17.51,22.35
2020,130,35.87,24.18,2.98,17.77,20.93
2020,131,33.17,24.69,10.19,18.93,11.06
2020,132,31.62,23.84,7.68,17.75,15.73
2020,133,34.96,22.06,0.07,15.88,25.41
2020,134,35.38,23.51,0.61,16.37,24.72
2020,135,36.9,23.24,0.89,16.92,25.71
2020,136,34.28,24.28,4.6,17.78,21.47
2020,137,31.91,23.38,24.33,18.38,24.6
2020,138,31.6,24.04,2.1,18.14,17.44
2020,139,32.03,23.2,0.32,18.01,24.36
2020,140,32.67,23.26,7.71,17.99,17.41
2020,141,32.61,22.93,3.79,17.33,22.54
2020,142,33.41,22.45,2.1,17.92,24.33
2020,143,31.57,23.78,4.1,17.18,23.18
2020,144,33.38,23.05,3.13,17.44,21.74
2020,145,32.54,23.07,6.3,17.9,21.66
2020,146,30.72,23.6,6.22,18.29,17.09
2020,147,30.6,22.89,6.11,18.0,19.19
2020,148,31.57,22.76,5.48,18.05,12.03
2020,149,32.7,23.91,2.49,18.0,13.87
2020,150,33.32,23.29,1.38,17.62,19.27
2020,151,29.88,23.5,4.15,17.73,20.6
2020,152,31.64,22.67,9.7,17.6,20.36
2020,153,32.49,22.95,1.69,18.09,17.91
2020,154,31.0,23.32,2.73,18.41,19.18
2020,155,32.76,22.51,0.91,17.82,21.95
2020,156,30.28,23.22,1.59,18.34,19.15
2020,157,33.0,23.04,5.83,17.41,10.75
2020,158,29.98,23.06,5.65,18.16,20.95
2020,159,29.84,23.01,30.87,18.1,19.6
2020,160,32.84,22.59,4.23,18.14,25.84
2020,161,27.54,23.13,15.94,18.21,9.21
2020,162,28.24,22.6,1.43,17.62,16.24
2020,163,30.6,22.11,0.38,17.02,14.66
2020,164,27.98,22.03,1.88,16.68,14.27
2020,165,29.47,21.91,2.26,17.56,18.81
2020,166,29.94,22.49,3.49,18.12,18.35
2020,167,30.9,22.97,1.41,18.14,18.11
2020,168,31.85,23.13,1.02,18.65,19.86
2020,169,30.32,23.52,10.1,18.46,15.52
2020,170,30.33,22.78,8.1,16.73,16.57
2020,171,28.75,21.74,3.64,16.41,16.84
2020,172,32.07,21.3,0.55,15.73,19.97
2020,173,31.87,21.81,0.76,17.02,19.48
2020,174,31.45,22.73,0.69,17.0,18.31
2020,175,32.3,22.07,2.16,17.05,18.22
2020,176,33.19,22.49,0.64,17.23,20.1
2020,177,30.29,23.1,2.96,18.0,17.97
2020,178,29.53,23.22,3.01,18.05,21.08
2020,179,27.95,22.95,8.97,17.99,18.15
2020,180,29.45,22.55,3.3,17.52,9.37
2020,181,29.57,22.06,5.72,17.18,16.61
2020,182,27.7,22.22,11.82,17.36,14.95
2020,183,29.21,21.95,1.41,17.14,18.5
2020,184,31.43,21.68,1.45,17.58,17.93
2020,185,30.1,23.0,3.33,18.32,19.22
2020,186,28.48,23.17,11.53,18.14,9.49
2020,187,27.46,22.19,5.71,17.12,16.62
2020,188,30.2,21.35,0.39,16.92,14.92
2020,189,30.45,22.47,0.83,17.42,17.47
2020,190,29.62,22.0,0.87,16.88,18.02
2020,191,29.16,22.4,2.56,17.25,16.22
2020,192,29.98,21.94,5.46,17.32,10.19
2020,193,29.5,22.05,10.63,17.01,14.52
2020,194,29.54,21.6,2.31,16.42,14.47
2020,195,29.66,21.63,3.23,16.47,13.95
2020,196,27.97,21.52,7.36,16.67,7.42
2020,197,28.72,22.03,8.52,17.02,10.07
2020,198,29.2,21.55,13.42,17.19,10.09
2020,199,27.2,21.91,5.48,16.8,13.8
2020,200,28.79,21.1,3.78,16.66,13.43
2020,201,27.85,21.63,5.65,16.94,15.29
2020,202,28.32,21.81,7.84,16.7,17.24
2020,203,28.89,21.36,3.75,16.78,17.88
2020,204,29.81,21.09,1.37,16.35,17.8
2020,205,28.49,21.8,3.04,16.97,9.99
2020,206,28.44,22.0,10.1,17.45,15.36
2020,207,27.26,22.23,8.88,17.39,16.42
2020,208,28.69,21.14,8.28,17.14,13.58
2020,209,28.22,21.68,2.75,17.14,15.77
2020,210,27.97,21.84,3.28,17.07,14.13
2020,211,29.96,21.49,1.89,16.84,18.98
2020,212,30.13,21.24,2.67,17.49,19.93
2020,213,25.81,22.1,14.81,17.59,11.59
2020,214,29.1,20.5,3.21,16.41,15.04
2020,215,30.07,21.01,2.22,17.06,16.9
2020,216,27.07,21.96,1.56,16.62,17.36
2020,217,30.2,20.62,0.22,16.04,20.39
2020,218,30.65,20.6,0.23,15.56,20.94
2020,219,28.8,19.96,0.25,15.04,15.0
2020,220,28.76,20.57,1.11,15.77,9.85
2020,221,30.02,19.81,0.42,15.19,13.77
2020,222,31.5,19.87,0.9,15.8,18.15
2020,223,29.71,21.26,14.03,16.77,15.7
2020,224,29.02,20.06,3.73,15.3,12.03
2020,225,31.44,18.66,0.16,15.03,22.74
2020,226,32.92,19.69,4.84,16.24,20.51
2020,227,26.34,22.64,27.91,18.12,10.51
2020,228,29.18,21.24,8.18,16.95,13.01
2020,229,30.56,20.7,0.79,17.18,19.21
2020,230,31.78,21.73,0.8,17.73,21.48
2020,231,30.34,22.72,1.76,17.93,15.63
2020,232,30.72,22.39,1.17,17.71,19.36
2020,233,30.47,22.55,3.44,18.06,16.65
2020,234,28.05,22.54,5.55,17.74,6.77
2020,235,29.95,21.47,4.3,16.92,15.67
2020,236,29.91,20.68,0.86,16.46,16.07
2020,237,28.0,21.63,2.51,16.4,13.87
2020,238,29.17,21.19,0.64,16.14,15.47
2020,239,31.74,20.61,0.47,16.32,16.52
2020,240,29.09,22.24,14.68,17.45,16.1
2020,241,28.15,21.48,31.63,17.06,15.72
2020,242,28.84,21.06,1.97,16.78,12.62
2020,243,28.28,21.31,3.64,16.82,11.77
2020,244,26.84,21.62,13.33,16.93,17.67
2020,245,29.53,20.79,5.56,17.4,14.78
2020,246,25.92,21.76,24.9,17.56,16.86
2020,247,29.31,21.11,5.0,17.29,14.81
2020,248,28.87,21.34,7.28,17.46,16.24
2020,249,26.71,21.9,40.06,17.05,13.7
2020,250,27.89,20.96,5.87,16.55,15.52
2020,251,28.68,21.13,3.4,16.67,14.57
2020,252,30.0,20.72,2.68,17.04,13.09
2020,253,28.18,21.86,14.19,17.43,8.27
2020,254,29.03,21.12,2.75,17.14,15.81
2020,255,28.61,22.28,1.91,17.64,17.02
2020,256,30.29,21.71,1.63,17.84,20.28
2020,257,28.17,22.35,5.44,17.49,18.18
2020,258,29.64,21.04,4.55,16.84,15.84
2020,259,30.56,21.79,6.1,17.51,13.83
2020,260,27.56,22.4,13.71,17.33,11.05
2020,261,29.32,21.22,5.14,17.13,17.11
2020,262,30.04,21.75,4.66,17.54,14.23
2020,263,30.42,22.36,5.22,18.4,22.99
2020,264,26.77,21.67,5.18,17.32,21.81
2020,265,29.62,20.96,2.92,16.61,20.34
2020,266,29.95,20.82,11.53,16.74,21.71
2020,267,28.9,22.3,21.28,17.78,18.07
2020,268,28.16,21.82,4.23,17.62,15.24
2020,269,28.36,22.03,3.89,17.1,18.0
2020,270,27.54,21.32,9.91,17.1,12.53
2020,271,28.33,20.86,3.36,16.51,16.59
2020,272,30.85,20.04,0.49,16.7,17.55
2020,273,28.0,22.47,2.58,17.55,13.41
2020,274,27.75,22.02,8.42,17.15,13.12
2020,275,28.2,21.71,6.32,17.38,13.54
2020,276,29.52,21.3,4.12,17.36,16.47
2020,277,29.27,22.05,13.95,17.82,14.17
2020,278,29.18,22.15,3.06,18.25,15.72
2020,279,30.4,21.59,4.35,17.63,17.97
2020,280,28.33,22.47,8.25,17.96,22.23
2020,281,29.36,21.68,1.51,17.16,21.33
2020,282,29.21,20.71,5.86,16.71,17.7
2020,283,27.85,20.93,11.29,16.31,15.13
2020,284,28.69,20.22,14.29,16.4,13.42
2020,285,29.1,21.77,7.94,17.12,15.55
2020,286,31.38,20.15,0.78,16.63,21.18
2020,287,31.31,20.91,19.94,17.16,20.84
2020,288,27.73,22.06,42.57,17.83,18.06
2020,289,29.7,21.54,27.06,17.26,16.43
2020,290,29.94,21.19,24.79,17.42,19.49
2020,291,28.71,22.03,36.43,18.01,16.85
2020,292,30.12,21.19,3.69,17.64,16.98
2020,293,30.91,20.95,2.23,17.31,21.97
2020,294,29.22,21.3,0.73,17.36,20.59
2020,295,31.63,21.24,0.28,16.54,23.32
2020,296,32.06,20.98,0.04,16.09,23.69
2020,297,31.97,19.67,0.01,14.23,19.7
2020,298,31.6,18.99,0.0,13.51,21.3
2020,299,29.6,20.61,0.0,15.09,19.33
2020,300,29.64,19.48,0.0,14.79,18.79
2020,301,31.8,19.29,0.01,13.97,20.22
2020,302,31.66,19.67,0.0,13.74,22.03
2020,303,31.89,18.74,0.0,14.15,21.8
2020,304,31.4,19.84,0.0,14.07,22.85
2020,305,33.1,19.17,0.0,14.28,21.97
2020,306,32.71,18.85,0.0,13.38,22.48
2020,307,32.34,19.02,0.0,14.24,18.71
2020,308,32.81,19.9,0.0,14.91,20.48
2020,309,32.14,20.33,0.0,15.4,18.95
2020,310,28.71,20.72,0.0,14.78,19.55
2020,311,32.57,19.47,0.0,13.55,21.82
2020,312,32.45,18.17,0.0,13.62,20.85
2020,313,31.93,19.87,0.01,13.75,20.42
2020,314,32.3,19.98,0.04,13.33,21.43
2020,315,32.47,19.17,0.03,13.44,22.2
2020,316,32.0,18.84,0.03,13.32,21.43
2020,317,32.48,18.41,0.0,12.71,22.28
2020,318,32.66,17.52,0.0,11.97,22.93
2020,319,32.86,19.06,0.0,12.9,21.64
2020,320,33.28,19.64,0.0,12.73,21.33
2020,321,32.48,18.87,0.0,11.68,20.35
2020,322,31.62,18.26,0.0,11.96,20.19
2020,323,31.76,18.62,0.0,11.49,17.04
2020,324,32.15,15.84,0.0,10.13,20.83
2020,325,32.65,15.81,0.0,12.12,19.99
2020,326,33.05,18.58,0.0,13.27,21.78
2020,327,30.73,19.42,0.0,13.88,22.03
2020,328,33.33,19.52,0.02,14.68,19.52
2020,329,33.33,22.93,0.01,15.64,18.87
2020,330,33.54,22.19,0.0,15.03,20.78
2020,331,32.76,21.99,0.02,15.66,20.71
2020,332,33.08,21.45,0.03,16.7,19.56
2020,333,32.4,23.74,0.98,16.53,17.1
2020,334,33.62,21.05,0.0,13.99,20.64
2020,335,34.45,17.31,0.0,10.31,21.97
2020,336,34.83,15.74,0.0,9.9,22.51
2020,337,34.58,16.95,0.0,10.02,21.1
2020,338,34.46,16.18,0.0,9.62,21.96
2020,339,34.58,15.92,0.0,9.54,21.5
2020,340,33.93,19.96,0.0,11.29,19.88
2020,341,34.91,21.31,0.0,13.66,20.99
2020,342,34.63,19.98,0.0,13.28,19.9
2020,343,31.01,22.18,0.02,14.95,18.82
2020,344,34.02,20.68,0.0,13.09,19.14
2020,345,34.59,21.33,0.0,14.23,21.18
2020,346,35.15,20.11,0.0,14.43,20.62
2020,347,35.06,21.24,0.02,14.31,20.55
2020,348,34.67,19.72,0.02,14.17,20.52
2020,349,35.09,20.46,0.03,13.61,20.67
2020,350,35.62,19.71,0.01,11.77,20.99
2020,351,35.43,20.14,0.0,10.34,20.51
2020,352,35.04,18.17,0.0,9.57,20.03
2020,353,34.61,16.85,0.0,9.14,20.68
2020,354,34.83,17.58,0.0,9.75,18.96
2020,355,34.74,20.62,0.01,12.27,19.2
2020,356,34.96,21.01,0.02,12.46,18.65
2020,357,35.35,18.98,0.0,11.04,18.09
2020,358,35.29,21.61,0.0,13.08,19.62
2020,359,35.13,20.16,0.0,10.98,19.95
2020,360,35.57,18.41,0.0,8.93,20.53
2020,361,34.46,17.17,0.0,7.78,20.9
2020,362,33.9,16.0,0.0,8.54,20.85
2020,363,33.78,17.14,0.0,8.93,17.4
2020,364,34.6,16.92,0.0,9.23,18.15
2020,365,35.56,17.76,0.0,11.08,18.12
2020,366,36.66,20.76,0.0,11.96,18.37
2021,1,36.73,20.12,0.0,11.34,20.63
2021,2,35.76,21.23,0.01,14.18,19.81
2021,3,34.8,22.82,0.04,15.64,19.64
2021,4,36.38,22.69,0.03,13.19,20.06
2021,5,37.84,21.16,0.0,8.98,21.3
2021,6,37.32,19.5,0.0,9.12,20.54
2021,7,37.73,20.01,0.0,8.69,17.91
2021,8,37.35,20.37,0.0,8.29,20.52
2021,9,37.05,19.34,0.0,9.02,21.98
2021,10,36.69,18.61,0.0,8.02,21.32
2021,11,35.95,18.01,0.0,8.25,20.78
2021,12,36.11,18.63,0.0,7.5,21.5
2021,13,36.2,16.96,0.0,5.99,22.77
2021,14,35.86,15.83,0.0,6.11,23.09
2021,15,35.72,15.93,0.0,6.05,21.09
2021,16,35.4,15.06,0.0,5.86,21.45
2021,17,35.92,16.22,0.0,6.08,20.43
2021,18,33.43,19.0,0.0,6.74,20.47
2021,19,35.24,17.1,0.0,6.58,20.83
2021,20,35.07,17.1,0.0,6.37,19.22
2021,21,35.12,15.85,0.0,6.54,19.93
2021,22,34.26,15.9,0.0,6.23,15.81
2021,23,34.28,16.82,0.0,6.37,15.56
2021,24,35.6,17.41,0.0,6.72,19.1
2021,25,36.73,17.75,0.0,7.27,19.6
2021,26,37.19,17.67,0.0,6.73,20.42
2021,27,36.78,17.53,0.0,6.67,21.87
2021,28,36.8,18.95,0.0,6.67,21.38
2021,29,36.84,18.25,0.0,6.27,20.45
2021,30,36.44,18.48,0.0,6.52,19.24
2021,31,36.52,18.52,0.0,7.26,16.07
2021,32,34.75,19.72,0.0,7.76,17.03
2021,33,36.8,18.0,0.0,6.74,18.53
2021,34,37.36,19.7,0.0,7.5,19.78
2021,35,36.34,19.08,0.0,6.75,20.43
2021,36,37.16,19.65,0.0,7.15,20.52
2021,37,36.62,20.95,0.0,7.76,18.03
2021,38,36.06,19.94,0.0,7.78,20.97
2021,39,37.78,20.29,0.0,6.33,21.64
2021,40,38.42,18.28,0.0,4.86,23.99
2021,41,38.19,19.07,0.0,6.52,22.95
2021,42,38.52,20.28,0.0,7.79,20.36
2021,43,38.29,20.55,0.0,6.79,20.32
2021,44,38.95,19.94,0.0,7.57,22.46
2021,45,38.69,21.15,0.0,10.31,22.62
2021,46,39.05,22.36,0.01,11.07,21.9
2021,47,39.38,23.46,0.01,8.72,22.26
2021,48,36.67,19.72,0.0,4.9,21.37
2021,49,35.53,20.09,0.0,4.79,17.98
2021,50,32.61,18.45,0.0,3.46,14.83
2021,51,34.7,18.05,0.0,4.47,15.36
2021,52,33.96,18.61,0.0,5.28,15.85
2021,53,35.32,20.14,0.0,5.02,19.97
2021,54,36.55,18.11,0.0,5.12,20.55
2021,55,37.57,18.97,0.0,5.93,19.76
2021,56,37.3,20.57,0.0,7.93,18.73
2021,57,36.87,22.58,0.0,7.17,18.41
2021,58,37.58,21.63,0.0,6.15,18.84
2021,59,39.01,21.01,0.0,8.22,18.94
2021,60,39.2,22.09,0.0,8.6,21.66
2021,61,39.02,20.82,0.0,6.1,20.65
2021,62,39.49,21.11,0.0,5.91,22.37
2021,63,39.86,20.88,0.0,6.63,23.13
2021,64,38.74,22.41,0.01,12.77,22.39
2021,65,38.39,24.36,0.07,14.15,22.28
2021,66,38.51,24.15,0.11,14.13,18.74
2021,67,38.09,24.76,0.11,14.66,23.83
2021,68,35.52,24.73,0.66,16.74,22.29
2021,69,36.18,24.31,1.24,16.02,19.24
2021,70,34.92,24.41,1.26,13.7,19.47
2021,71,37.8,22.13,1.23,13.67,19.6
2021,72,32.72,24.52,7.66,16.58,19.56
2021,73,33.62,22.71,0.2,12.54,14.63
2021,74,32.5,21.51,6.22,11.74,18.12
2021,75,34.96,21.3,0.89,12.94,19.34
2021,76,30.2,23.34,8.24,17.3,20.1
2021,77,32.58,22.95,0.31,16.61,16.4
2021,78,33.92,22.42,0.01,15.61,18.21
2021,79,33.67,22.88,1.98,16.25,16.67
2021,80,36.89,22.23,2.48,15.07,21.68
2021,81,33.3,22.98,3.88,16.74,22.42
2021,82,31.02,23.46,0.74,17.61,19.82
2021,83,30.62,23.65,0.12,17.02,19.48
2021,84,33.18,23.11,0.03,16.88,17.63
2021,85,36.61,22.72,1.03,16.27,22.93
2021,86,37.56,23.03,0.13,12.97,23.48
2021,87,35.91,19.47,0.0,8.47,22.6
2021,88,37.52,19.45,0.0,8.19,15.15
2021,89,37.81,21.56,0.01,10.72,12.68
2021,90,38.22,23.48,0.0,8.23,15.58
2021,91,38.8,21.62,0.0,8.2,18.68
2021,92,39.25,20.62,0.0,7.2,23.13
2021,93,39.51,20.92,0.0,10.37,23.75
2021,94,38.9,23.84,0.0,11.57,22.85
2021,95,39.91,23.04,0.01,13.23,23.33
2021,96,38.44,24.0,0.17,14.46,24.39
2021,97,40.1,24.6,0.36,14.44,24.59
2021,98,39.87,25.46,0.18,15.28,22.46
2021,99,34.27,25.23,0.32,16.6,21.5
2021,100,36.47,24.52,2.73,16.19,23.67
2021,101,32.66,24.79,2.13,16.64,25.61
2021,102,37.93,23.43,0.36,15.18,25.4
2021,103,39.08,23.6,0.04,14.06,21.1
2021,104,37.99,24.22,0.3,14.97,21.67
2021,105,33.94,24.46,6.95,16.64,23.57
2021,106,32.86,23.55,0.61,17.36,24.86
2021,107,32.03,23.93,0.37,16.43,21.76
2021,108,31.98,23.27,13.32,16.29,15.24
2021,109,37.41,22.66,0.04,15.68,20.31
2021,110,37.5,23.58,0.3,15.77,24.02
2021,111,31.39,24.4,3.48,17.87,20.79
2021,112,32.3,23.44,1.53,17.25,21.68
2021,113,32.3,23.47,0.42,17.16,21.08
2021,114,33.19,23.47,7.18,17.34,22.49
2021,115,32.62,23.86,3.38,17.28,18.74
2021,116,31.81,23.9,5.56,17.97,24.48
2021,117,34.37,23.63,3.19,17.84,18.49
2021,118,35.56,23.58,0.78,16.85,22.64
2021,119,37.03,23.68,0.16,16.2,22.88
2021,120,36.95,23.56,2.32,16.29,25.45
2021,121,37.49,23.28,0.76,16.7,24.7
2021,122,37.26,23.46,0.29,16.16,23.07
2021,123,36.11,23.79,0.76,16.48,22.0
2021,124,35.62,23.73,0.9,16.4,19.47
2021,125,35.54,23.73,16.29,16.55,23.32
2021,126,31.2,23.38,4.35,18.0,19.03
2021,127,31.09,23.18,1.56,17.03,14.11
2021,128,32.53,22.37,2.15,16.77,18.92
2021,129,29.94,22.21,2.05,15.37,21.35
2021,130,33.47,21.31,0.63,15.66,21.72
2021,131,36.45,22.3,1.56,15.96,25.78
2021,132,35.13,23.21,5.14,17.19,21.77
2021,133,34.93,23.42,5.89,17.47,22.7
2021,134,35.31,23.58,1.66,17.15,25.38
2021,135,34.07,23.08,5.88,17.58,20.81
2021,136,31.4,24.14,5.73,18.38,20.75
2021,137,35.63,22.91,0.37,17.46,22.19
2021,138,34.74,24.18,0.65,17.22,19.95
2021,139,36.98,23.13,0.09,16.21,25.16
2021,140,34.98,23.73,0.07,16.94,22.88
2021,141,33.84,23.79,2.0,17.53,18.74
2021,142,31.98,23.45,2.6,17.51,18.5
2021,143,35.81,23.24,0.12,16.72,25.29
2021,144,36.85,23.46,0.69,16.47,24.92
2021,145,34.74,24.12,0.47,17.16,22.54
2021,146,36.91,23.61,0.28,16.53,23.16
2021,147,33.71,24.42,3.19,16.99,20.27
2021,148,34.43,23.51,0.58,16.69,22.04
2021,149,35.58,24.51,0.97,16.96,21.2
2021,150,31.76,24.68,4.84,18.25,17.28
2021,151,32.32,23.99,8.64,17.96,23.82
2021,152,33.84,23.85,8.55,17.51,17.01
2021,153,34.64,22.69,3.74,16.42,23.44
2021,154,32.38,22.78,27.89,18.03,21.21
2021,155,30.27,23.12,14.51,18.6,19.1
2021,156,31.99,22.89,4.52,17.92,20.6
2021,157,32.25,21.79,2.26,17.28,19.43
2021,158,33.05,22.1,0.41,16.84,25.01
2021,159,33.67,22.29,2.85,17.22,17.32
2021,160,29.38,23.75,3.85,18.32,22.42
2021,161,31.9,22.72,0.53,16.46,23.05
2021,162,34.35,22.61,4.42,16.7,18.47
2021,163,29.35,23.56,7.54,17.74,19.61
2021,164,34.37,22.35,0.02,16.91,21.72
2021,165,32.6,23.57,4.46,17.74,20.8
2021,166,33.35,23.15,1.25,17.52,24.0
2021,167,29.33,23.23,9.97,18.24,11.13
2021,168,30.8,22.46,2.15,16.94,22.59
2021,169,30.47,22.57,2.29,16.97,23.49
2021,170,32.55,22.56,3.76,17.64,19.12
2021,171,28.02,23.27,10.55,18.25,17.36
2021,172,29.51,22.38,9.97,17.35,20.59
2021,173,28.5,22.32,9.93,17.27,15.49
2021,174,29.01,22.02,2.71,17.13,20.09
2021,175,31.12,22.06,0.99,16.87,23.1
2021,176,28.1,22.39,11.46,17.11,19.88
2021,177,27.9,22.4,4.28,17.15,5.65
2021,178,29.35,21.48,1.46,16.76,22.81
2021,179,29.72,21.73,0.61,16.49,22.0
2021,180,29.81,20.76,10.6,16.04,20.29
2021,181,31.46,21.45,1.75,16.36,21.68
2021,182,29.36,22.11,7.22,17.32,14.82
2021,183,29.8,21.81,0.58,17.25,17.67
2021,184,29.17,21.91,7.21,16.92,16.83
2021,185,29.0,21.61,7.01,16.76,20.83
2021,186,30.1,22.18,1.69,17.04,21.8
2021,187,29.01,21.94,2.15,17.03,17.94
2021,188,29.96,22.12,4.21,17.5,19.2
2021,189,31.26,22.17,1.77,16.81,18.17
2021,190,29.56,22.36,5.62,17.21,16.87
2021,191,28.24,21.89,5.54,16.42,15.47
2021,192,30.61,20.69,5.64,16.65,19.32
2021,193,30.86,21.94,5.19,17.69,18.38
2021,194,28.41,22.23,1.37,17.14,15.32
2021,195,29.7,22.19,4.85,16.98,16.84
2021,196,31.68,21.5,8.06,16.9,13.02
2021,197,27.63,22.76,13.1,17.69,17.24
2021,198,27.69,22.34,6.95,17.21,17.6
2021,199,29.82,21.67,2.7,17.44,15.28
2021,200,30.54,22.48,4.13,17.66,19.52
2021,201,29.13,22.74,1.04,17.61,15.28
2021,202,31.06,22.19,0.5,17.28,15.05
2021,203,29.08,22.02,2.33,17.26,15.89
2021,204,28.71,22.24,2.38,16.92,14.39
2021,205,28.54,21.62,0.67,16.46,11.38
2021,206,30.03,21.18,5.16,16.57,18.84
2021,207,29.32,22.01,3.54,16.81,18.86
2021,208,28.42,21.6,10.28,16.69,10.06
2021,209,29.83,21.18,8.0,16.75,13.72
2021,210,29.32,21.58,3.64,16.92,19.28
2021,211,29.28,22.32,13.54,17.41,18.76
2021,212,28.65,22.1,75.99,17.65,13.22
2021,213,27.42,22.05,2.48,17.5,13.56
2021,214,28.2,21.14,5.34,17.17,15.22
2021,215,28.41,21.92,3.89,17.42,15.54
2021,216,29.39,21.59,2.59,17.6,15.14
2021,217,26.77,22.21,11.1,17.34,8.75
2021,218,28.43,21.14,7.88,16.82,20.51
2021,219,28.05,21.23,9.45,17.1,17.28
2021,220,28.46,21.38,6.45,16.81,19.27
2021,221,28.72,22.04,2.63,17.31,13.91
2021,222,28.3,22.07,1.37,17.45,16.55
2021,223,27.81,21.83,6.26,17.25,14.36
2021,224,27.5,22.17,11.96,17.21,11.34
2021,225,25.76,21.91,32.33,17.24,11.19
2021,226,27.59,21.67,13.8,17.28,14.48
2021,227,29.01,21.67,5.17,17.69,16.72
2021,228,25.36,22.41,21.87,17.61,7.84
2021,229,28.28,21.81,7.72,17.34,13.45
2021,230,25.72,21.67,16.99,17.09,10.07
2021,231,26.97,21.17,11.28,16.94,15.97
2021,232,28.95,21.85,8.1,17.47,18.43
2021,233,28.31,20.86,6.52,17.29,18.15
2021,234,28.53,20.95,2.32,16.86,17.88
2021,235,28.45,21.02,2.25,16.95,17.58
2021,236,28.41,21.41,7.03,17.27,16.52
2021,237,27.48,22.59,8.69,17.71,16.45
2021,238,27.32,22.26,16.79,17.95,10.85
2021,239,26.82,21.63,10.83,16.85,14.78
2021,240,29.37,20.98,4.22,17.2,21.29
2021,241,29.37,22.26,5.7,17.82,19.32
2021,242,25.4,22.23,7.41,17.93,15.07
2021,243,30.15,21.55,1.06,17.58,20.52
2021,244,29.25,22.21,5.15,18.34,21.1
2021,245,27.92,22.12,7.71,17.82,9.27
2021,246,28.52,21.37,3.3,17.39,15.89
2021,247,28.38,21.09,7.78,16.93,19.03
2021,248,30.0,21.05,1.58,15.49,18.53
2021,249,28.42,20.71,1.22,16.27,16.6
2021,250,28.53,21.51,1.61,17.54,16.93
2021,251,28.88,22.34,13.02,16.5,13.25
2021,252,29.65,21.34,3.0,17.37,19.11
2021,253,29.58,21.58,18.57,17.78,10.02
2021,254,28.51,22.85,2.83,17.76,13.64
2021,255,29.74,21.61,1.06,17.67,18.48
2021,256,27.02,22.04,10.36,17.76,14.39
2021,257,27.46,22.48,8.07,17.53,11.46
2021,258,27.38,22.17,13.76,17.34,16.6
2021,259,29.33,21.62,5.37,17.89,16.22
2021,260,29.47,22.48,2.59,17.8,17.17
2021,261,29.22,21.79,10.61,17.51,18.11
2021,262,29.89,21.48,3.11,17.43,16.11
2021,263,29.89,21.31,5.84,17.56,19.59
2021,264,28.15,22.18,9.68,17.54,20.4
2021,265,24.28,20.9,3.91,16.36,14.2
2021,266,30.01,20.72,1.27,16.37,15.5
2021,267,28.94,21.74,3.73,17.38,17.8
2021,268,28.86,21.91,2.74,17.61,18.96
2021,269,29.75,21.55,0.88,17.37,17.8
2021,270,30.08,21.13,3.12,17.19,20.92
2021,271,30.05,21.38,3.05,17.13,18.95
2021,272,29.67,21.25,4.13,17.63,15.46
2021,273,27.63,22.4,20.06,17.33,15.2
2021,274,28.48,21.09,13.5,17.47,19.05
2021,275,31.09,21.27,1.89,17.35,19.18
2021,276,29.0,21.81,7.64,17.85,19.61
2021,277,30.75,21.73,5.9,17.73,20.77
2021,278,30.67,23.02,2.72,18.05,21.59
2021,279,30.5,22.26,7.5,18.39,19.8
2021,280,29.48,22.92,3.77,18.15,19.61
2021,281,30.56,22.38,0.65,18.05,21.16
2021,282,30.79,22.59,2.45,18.09,19.84
2021,283,29.62,22.44,2.12,18.41,18.91
2021,284,30.6,22.57,0.82,18.26,16.9
2021,285,32.59,22.57,0.64,17.33,21.69
2021,286,33.01,21.4,0.73,17.39,21.1
2021,287,29.76,22.73,0.82,18.06,23.31
2021,288,31.66,22.22,2.14,17.43,24.19
2021,289,32.53,21.65,0.95,16.89,23.86
2021,290,31.02,21.95,11.72,17.51,16.5
2021,291,26.94,22.92,17.6,18.47,16.62
2021,292,29.56,22.43,0.92,17.79,20.54
2021,293,31.67,22.09,2.67,17.27,20.03
2021,294,29.85,21.81,0.6,17.57,21.59
2021,295,31.1,21.43,2.26,17.77,18.28
2021,296,26.76,22.51,5.29,17.91,13.25
2021,297,29.99,21.62,1.95,17.22,15.58
2021,298,32.36,23.12,0.01,17.12,22.85
2021,299,32.08,21.92,0.16,17.28,16.45
2021,300,30.03,22.1,0.48,18.01,16.36
2021,301,29.94,22.6,2.26,17.8,17.92
2021,302,32.1,21.97,0.08,16.9,21.9
2021,303,32.7,20.74,0.06,15.73,17.61
2021,304,32.55,21.64,0.09,14.08,19.17
2021,305,31.77,20.08,0.25,15.56,21.04
2021,306,31.57,19.62,0.14,14.85,17.9
2021,307,32.64,20.5,0.05,16.18,18.48
2021,308,32.18,21.31,0.37,17.07,19.49
2021,309,29.35,22.39,0.38,17.67,19.36
2021,310,31.62,21.82,0.09,16.61,20.48
2021,311,32.7,21.04,0.43,16.13,20.76
2021,312,32.93,21.88,0.78,16.84,20.66
2021,313,33.12,21.71,2.32,17.03,19.81
2021,314,32.4,22.35,3.12,17.15,18.91
2021,315,29.65,22.03,4.31,17.06,19.91
2021,316,33.1,22.3,0.11,15.14,20.29
2021,317,32.45,21.73,0.52,16.18,21.34
2021,318,32.93,21.86,0.17,15.0,20.03
2021,319,32.9,21.02,0.45,15.62,18.87
2021,320,31.39,21.47,0.25,16.89,20.77
2021,321,31.84,21.97,0.07,17.09,16.31
2021,322,31.21,22.88,0.09,17.17,19.89
2021,323,34.05,21.54,0.01,14.34,21.42
2021,324,33.75,19.74,0.0,12.31,21.43
2021,325,33.57,17.94,0.02,11.74,19.8
2021,326,33.2,19.53,0.02,13.55,19.38
2021,327,34.12,20.25,0.0,13.2,19.72
2021,328,33.93,20.78,0.02,14.48,19.77
2021,329,34.44,19.78,0.02,13.25,20.26
2021,330,34.31,18.42,0.0,12.04,20.64
2021,331,33.73,18.13,0.0,10.79,20.2
2021,332,30.99,18.7,0.0,11.07,20.72
2021,333,33.36,20.75,0.0,11.34,20.67
2021,334,34.15,18.97,0.0,11.8,20.84
2021,335,34.13,19.38,0.0,11.15,20.83
2021,336,34.2,18.47,0.0,10.79,21.14
2021,337,33.64,16.99,0.0,10.59,20.1
2021,338,33.72,18.49,0.0,10.67,17.58
2021,339,33.02,17.97,0.0,11.49,16.0
2021,340,34.44,21.08,0.0,13.52,17.07
2021,341,34.64,20.14,0.0,13.19,17.69
2021,342,33.74,18.71,0.0,11.41,19.11
2021,343,33.58,17.32,0.0,9.78,20.1
2021,344,34.25,16.68,0.0,10.63,19.16
2021,345,33.43,17.84,0.0,10.42,16.32
2021,346,34.47,17.98,0.0,10.53,14.98
2021,347,35.25,19.15,0.0,10.83,18.56
2021,348,35.02,18.33,0.01,11.66,18.72
2021,349,34.37,17.54,0.03,9.47,17.8
2021,350,32.62,15.81,0.0,8.14,18.83
2021,351,32.96,16.59,0.0,9.99,17.62
2021,352,31.39,16.71,0.0,8.54,19.01
2021,353,31.76,14.79,0.0,8.32,19.22
2021,354,30.96,14.86,0.0,8.6,18.59
2021,355,33.25,15.82,0.0,9.04,19.58
2021,356,31.18,18.24,0.0,9.93,16.87
2021,357,33.35,17.6,0.0,8.89,18.72
2021,358,34.03,16.1,0.0,10.33,18.6
2021,359,34.44,18.49,0.0,9.92,17.88
2021,360,34.86,16.91,0.0,9.36,20.47
2021,361,30.7,17.19,0.0,9.11,19.82
2021,362,32.19,17.55,0.04,8.66,18.68
2021,363,30.5,17.74,1.86,9.72,18.12
2021,364,32.14,16.03,0.0,8.03,18.97
2021,365,33.48,15.45,0.0,9.03,20.02
2022,1,33.6,18.63,0.39,9.67,19.97
2022,2,31.86,17.74,0.0,8.18,20.85
2022,3,29.69,17.79,14.67,8.92,15.62
2022,4,29.95,17.09,10.19,11.66,14.28
2022,5,31.24,18.52,0.05,11.58,16.7
2022,6,32.17,18.52,0.0,11.37,18.03
2022,7,33.14,19.0,0.0,11.79,20.06
2022,8,33.28,18.42,0.0,10.48,20.01
2022,9,33.42,17.17,0.0,9.52,20.58
2022,10,32.97,17.83,0.0,9.69,20.01
2022,11,33.59,18.05,0.0,10.26,19.93
2022,12,34.13,18.44,0.0,11.01,18.92
2022,13,34.82,21.16,0.0,12.89,20.18
2022,14,34.42,21.07,0.0,10.57,20.33
2022,15,34.44,19.17,0.0,7.5,18.7
2022,16,33.2,16.41,0.0,6.4,21.3
2022,17,32.77,16.14,0.0,7.3,22.98
2022,18,31.93,15.19,0.0,7.34,20.11
2022,19,30.73,16.01,0.0,7.67,19.8
2022,20,31.24,13.79,0.0,6.45,20.64
2022,21,31.44,14.99,0.0,6.71,19.13
2022,22,31.39,15.5,0.0,7.18,19.24
2022,23,33.34,15.5,0.0,7.26,20.75
2022,24,33.53,14.95,0.0,6.93,20.62
2022,25,32.2,14.61,0.0,6.32,22.27
2022,26,33.1,14.13,0.0,6.51,21.36
2022,27,33.97,15.76,0.0,7.53,20.7
2022,28,33.57,16.45,0.0,8.06,16.95
2022,29,33.61,16.91,0.0,7.49,15.87
2022,30,33.95,15.18,0.0,5.97,20.03
2022,31,32.71,14.95,0.0,5.43,19.68
2022,32,33.76,14.18,0.0,5.84,21.7
2022,33,33.04,14.82,0.0,6.0,20.17
2022,34,34.01,15.2,0.0,6.22,19.07
2022,35,33.1,16.36,0.0,7.18,19.51
2022,36,34.25,16.59,0.0,6.36,20.93
2022,37,34.1,16.84,0.0,6.75,16.3
2022,38,34.71,16.75,0.0,7.71,18.08
2022,39,35.98,18.2,0.0,8.07,18.51
2022,40,36.73,18.21,0.0,8.02,19.76
2022,41,36.96,17.28,0.0,5.94,23.48
2022,42,36.52,16.87,0.0,5.43,23.24
2022,43,36.68,16.18,0.0,5.73,22.21
2022,44,36.45,19.51,0.0,9.19,20.02
2022,45,37.47,19.95,0.0,7.26,21.09
2022,46,38.1,19.25,0.0,7.25,23.22
2022,47,39.11,19.22,0.0,9.44,22.59
2022,48,38.54,19.18,0.0,9.15,21.15
2022,49,39.02,20.0,0.0,7.72,22.2
2022,50,38.2,18.88,0.0,6.3,21.32
2022,51,37.08,19.22,0.0,6.32,21.29
2022,52,36.38,18.42,0.0,6.31,18.38
2022,53,36.48,19.35,0.0,6.62,18.05
2022,54,36.42,20.0,0.0,6.73,20.7
2022,55,38.12,20.73,0.0,6.75,21.34
2022,56,38.14,18.74,0.01,5.48,23.04
2022,57,38.89,18.13,0.0,6.13,21.93
2022,58,37.98,21.82,0.14,12.84,20.24
2022,59,39.06,23.62,0.41,10.84,20.72
2022,60,39.02,22.64,0.01,12.3,22.54
2022,61,39.0,23.83,0.04,13.72,21.32
2022,62,36.91,25.03,0.11,14.84,20.71
2022,63,32.88,24.81,2.51,15.97,19.31
2022,64,33.1,23.05,0.19,15.11,21.94
2022,65,37.02,23.66,0.41,14.66,22.31
2022,66,36.34,24.78,2.21,16.03,21.27
2022,67,38.96,23.43,0.0,12.1,23.0
2022,68,39.84,21.99,0.0,9.26,22.28
2022,69,38.69,23.35,0.05,13.63,19.95
2022,70,35.44,24.69,0.34,16.07,21.56
2022,71,35.46,24.58,1.23,15.61,17.64
2022,72,37.42,23.92,0.54,14.34,19.13
2022,73,36.46,24.7,1.56,13.85,12.77
2022,74,34.88,22.48,0.0,13.62,17.4
2022,75,37.49,25.06,0.0,14.83,18.11
2022,76,38.57,23.41,0.12,14.01,18.99
2022,77,39.28,23.95,0.09,14.04,18.84
2022,78,38.06,24.65,0.4,15.42,18.32
2022,79,37.28,24.56,1.4,15.56,20.07
2022,80,34.14,25.41,1.91,16.51,18.4
2022,81,33.73,25.98,0.18,16.47,17.51
2022,82,35.45,24.36,0.55,16.82,19.05
2022,83,32.34,24.64,2.24,17.81,19.71
2022,84,36.82,23.75,0.08,16.11,18.63
2022,85,38.4,23.67,0.01,14.78,20.28
2022,86,39.42,23.66,0.04,11.3,21.45
2022,87,38.89,21.21,0.02,8.22,19.67
2022,88,38.89,21.07,0.12,9.91,22.02
2022,89,37.28,23.38,0.53,15.4,22.03
2022,90,35.66,24.87,4.77,17.38,22.06
2022,91,32.29,24.97,13.37,18.96,21.8
2022,92,32.06,24.52,4.75,18.06,20.01
2022,93,34.81,22.16,0.07,14.95,19.98
2022,94,36.79,23.27,0.26,16.55,20.22
2022,95,33.53,23.93,0.72,17.07,23.36
2022,96,32.27,23.88,1.33,17.18,17.38
2022,97,36.81,23.24,0.43,16.38,22.17
2022,98,35.97,24.2,0.1,17.0,17.69
2022,99,34.1,24.2,0.85,17.43,19.05
2022,100,38.23,23.26,0.03,15.04,22.09
2022,101,37.49,23.52,0.24,15.67,24.28
2022,102,33.49,24.26,4.93,17.25,8.98
2022,103,35.61,23.41,2.25,16.09,21.28
2022,104,32.53,23.34,2.04,15.87,20.37
2022,105,33.61,23.11,18.16,16.11,22.66
2022,106,31.96,23.12,26.97,17.84,14.71
2022,107,32.82,22.65,0.37,16.96,25.03
2022,108,30.42,23.21,3.15,16.63,16.06
2022,109,33.45,22.48,0.0,16.12,22.45
2022,110,32.41,23.63,1.1,17.14,19.52
2022,111,33.37,23.63,2.83,17.46,8.71
2022,112,34.23,22.48,1.6,17.25,22.58
2022,113,36.07,24.07,0.03,17.3,22.25
2022,114,33.23,24.11,0.05,17.95,14.82
2022,115,33.83,22.57,0.03,16.78,24.16
2022,116,34.43,23.23,0.03,16.53,24.03
2022,117,33.8,23.29,0.44,16.83,23.01
2022,118,32.13,22.67,1.92,16.58,16.52
2022,119,36.31,22.09,0.01,15.1,22.04
2022,120,32.87,23.22,0.46,15.93,19.91
2022,121,37.19,22.51,0.02,15.24,23.96
2022,122,36.86,24.27,0.13,16.12,21.8
2022,123,33.4,24.67,3.14,16.84,21.2
2022,124,34.0,23.23,6.59,16.77,16.32
2022,125,32.2,24.06,5.24,17.36,23.26
2022,126,31.59,23.12,0.13,17.03,12.13
2022,127,34.71,23.22,1.63,16.58,13.78
2022,128,36.06,23.38,0.16,16.59,22.51
2022,129,32.43,23.79,5.04,17.8,9.56
2022,130,36.44,23.57,1.83,17.06,15.52
2022,131,32.39,24.09,1.35,17.85,21.85
2022,132,34.45,24.55,4.17,17.46,19.96
2022,133,34.95,23.87,3.41,17.82,10.37
2022,134,31.87,24.07,9.23,18.51,18.95
2022,135,35.25,23.57,0.42,17.36,23.26
2022,136,35.68,23.39,0.25,17.34,20.13
2022,137,35.5,24.11,0.21,17.28,19.17
2022,138,34.13,24.25,0.14,17.88,20.28
2022,139,34.59,24.07,0.4,17.12,21.4
2022,140,34.73,23.81,40.67,17.32,21.97
2022,141,29.42,23.69,10.47,18.53,12.77
2022,142,29.58,23.18,2.22,16.74,19.82
2022,143,31.51,22.57,0.55,15.78,12.26
2022,144,33.3,21.71,0.01,15.74,21.63
2022,145,32.96,22.09,0.45,16.44,22.27
2022,146,33.28,22.45,4.11,17.05,20.42
2022,147,32.09,22.7,1.69,17.12,21.61
2022,148,32.91,22.74,1.72,17.34,24.54
2022,149,31.99,23.23,1.3,17.47,18.39
2022,150,33.17,23.32,2.24,17.58,20.16
2022,151,31.12,23.49,7.36,17.86,20.62
2022,152,31.16,22.96,5.23,17.58,23.46
2022,153,33.53,22.38,0.96,17.34,24.72
2022,154,33.65,23.4,1.13,17.42,11.93
2022,155,33.65,22.72,3.74,16.51,23.19
2022,156,33.75,22.84,4.46,16.65,19.86
2022,157,30.06,22.63,21.75,17.22,18.43
2022,158,29.8,22.28,5.68,15.64,20.96
2022,159,32.93,21.83,4.26,16.29,22.98
2022,160,32.25,22.21,5.51,17.55,18.24
2022,161,28.18,23.16,2.86,18.05,15.43
2022,162,29.24,22.36,43.45,17.49,14.72
2022,163,29.46,22.08,16.9,17.33,20.81
2022,164,30.79,22.29,1.61,17.49,22.02
2022,165,29.8,22.84,2.46,18.21,21.62
2022,166,26.56,22.82,55.72,17.39,14.05
2022,167,28.91,22.11,7.01,17.35,13.88
2022,168,24.47,21.59,7.88,16.21,16.43
2022,169,28.62,20.84,5.77,16.96,16.77
2022,170,28.98,21.5,0.73,17.09,20.08
2022,171,29.13,21.53,5.02,17.56,21.71
2022,172,29.05,22.2,11.49,17.75,19.06
2022,173,26.8,22.11,2.73,16.78,21.11
2022,174,29.82,21.12,1.31,17.11,22.56
2022,175,28.41,22.22,8.73,17.7,11.57
2022,176,29.05,21.78,5.14,17.47,17.32
2022,177,28.54,21.38,5.58,17.22,19.41
2022,178,30.07,21.65,2.32,17.1,17.11
2022,179,29.59,21.69,1.73,17.26,23.14
2022,180,29.03,21.65,18.91,17.71,12.54
2022,181,28.05,21.82,13.72,16.94,13.51
2022,182,29.72,20.65,2.56,16.61,16.68
2022,183,28.07,21.82,2.04,17.22,16.82
2022,184,27.24,21.8,2.91,16.95,18.15
2022,185,30.05,21.35,6.05,17.26,18.3
2022,186,29.03,22.11,7.66,17.58,20.03
2022,187,29.46,21.98,1.7,17.62,22.1
2022,188,30.22,21.69,0.42,17.58,18.36
2022,189,29.22,22.65,5.15,18.17,18.8
2022,190,26.79,22.69,2.47,17.66,18.3
2022,191,29.28,22.01,2.14,17.39,16.52
2022,192,29.87,21.82,2.3,17.31,20.17
2022,193,30.62,22.15,0.95,17.55,18.89
2022,194,29.16,22.77,2.03,17.47,10.42
2022,195,29.1,21.78,2.29,16.94,14.76
2022,196,30.46,21.43,0.76,17.11,19.01
2022,197,28.91,22.51,2.38,17.32,13.17
2022,198,28.06,22.06,6.89,17.1,15.2
2022,199,29.04,21.87,11.08,16.82,14.25
2022,200,29.34,20.72,4.85,16.4,18.52
2022,201,30.09,21.36,0.43,16.54,22.08
2022,202,28.97,21.68,2.31,16.98,19.63
2022,203,29.41,21.84,4.79,17.5,14.37
2022,204,25.75,21.87,12.73,16.87,10.93
2022,205,29.74,21.02,0.96,16.5,16.66
2022,206,30.16,20.84,1.24,17.03,18.08
2022,207,28.37,22.45,6.18,17.8,10.37
2022,208,28.79,22.41,3.23,17.39,14.2
2022,209,28.4,21.49,3.18,17.09,14.85
2022,210,27.71,21.75,5.33,17.02,14.48
2022,211,26.09,22.02,8.62,16.85,13.0
2022,212,28.97,21.13,6.25,17.15,11.99
2022,213,29.65,21.34,2.55,17.17,11.18
2022,214,27.95,21.14,2.15,16.77,12.53
2022,215,28.63,21.5,2.47,16.79,16.09
2022,216,29.27,21.8,1.99,17.0,12.57
2022,217,28.79,20.95,0.94,16.56,18.3
2022,218,29.57,21.71,0.3,16.91,21.4
2022,219,31.33,21.28,0.73,16.98,22.53
2022,220,29.99,21.93,1.65,17.28,12.79
2022,221,28.46,21.59,2.01,16.89,13.8
2022,222,29.91,21.57,13.27,17.59,15.97
2022,223,26.75,21.78,22.17,17.63,16.86
2022,224,27.62,21.9,33.08,17.54,13.04
2022,225,28.25,21.66,8.03,17.67,16.36
2022,226,28.27,22.18,13.92,17.61,8.81
2022,227,25.32,21.99,37.06,17.38,6.68
2022,228,25.14,20.41,27.5,16.25,13.9
2022,229,28.47,20.97,2.0,16.56,17.3
2022,230,29.84,20.51,5.57,17.24,21.96
2022,231,27.84,21.95,15.33,17.36,19.35
2022,232,28.77,21.75,8.53,17.17,13.74
2022,233,29.23,20.65,0.65,17.1,17.66
2022,234,28.79,21.45,5.09,17.85,15.99
2022,235,27.05,21.41,14.89,16.86,10.42
2022,236,28.52,20.93,4.49,16.47,15.25
2022,237,27.29,20.82,4.48,16.8,15.41
2022,238,26.19,21.25,11.43,16.95,5.21
2022,239,26.82,21.22,37.14,16.89,11.11
2022,240,27.46,20.58,4.36,16.42,13.94
2022,241,29.59,21.23,2.62,16.89,16.53
2022,242,26.86,22.01,6.94,17.76,12.55
2022,243,26.16,22.07,6.6,17.67,16.02
2022,244,28.07,21.12,12.2,17.12,13.64
2022,245,25.49,20.59,23.58,16.86,6.55
2022,246,27.08,19.84,22.83,15.77,16.3
2022,247,29.63,20.6,6.63,16.74,17.11
2022,248,29.63,21.69,5.14,17.78,15.2
2022,249,29.03,21.97,3.04,17.64,18.38
2022,250,28.96,21.73,2.7,17.46,8.11
2022,251,29.43,22.32,3.01,17.28,16.98
2022,252,26.35,22.04,16.79,17.71,12.39
2022,253,28.13,22.36,4.83,17.09,16.29
2022,254,29.87,21.98,5.92,17.06,11.92
2022,255,26.4,21.88,24.03,17.25,7.64
2022,256,28.7,21.39,2.88,17.57,15.63
2022,257,30.44,21.16,1.95,17.6,17.81
2022,258,28.14,22.0,26.57,17.71,14.95
2022,259,28.71,21.72,7.82,17.21,12.74
2022,260,29.24,20.71,1.93,16.78,19.1
2022,261,29.23,21.28,4.91,17.21,12.63
2022,262,28.52,21.52,35.38,17.57,16.07
2022,263,27.25,21.89,21.78,17.44,14.68
2022,264,29.07,21.26,2.28,17.18,12.74
2022,265,28.93,21.73,4.51,17.77,19.48
2022,266,27.78,22.36,10.96,17.72,15.95
2022,267,28.97,21.97,6.42,17.04,18.72
2022,268,29.01,21.26,10.05,17.63,20.93
2022,269,25.12,20.73,5.47,17.24,15.04
2022,270,28.43,20.0,2.95,16.43,19.12
2022,271,27.46,21.22,2.61,16.73,13.72
2022,272,28.75,20.44,4.8,16.69,14.04
2022,273,27.87,21.22,8.98,17.12,12.08
2022,274,28.36,21.18,4.98,17.32,15.91
2022,275,28.84,21.65,3.15,17.48,13.94
2022,276,29.63,21.82,3.0,17.93,22.1
2022,277,28.99,22.33,3.61,18.16,17.25
2022,278,29.07,22.26,4.82,17.67,15.85
2022,279,29.89,22.98,7.89,17.53,11.82
2022,280,25.54,21.97,11.13,17.82,18.25
2022,281,28.36,21.85,7.74,17.23,18.84
2022,282,29.14,22.01,5.79,17.63,19.39
2022,283,27.51,21.86,2.64,17.59,14.88
2022,284,31.03,19.69,0.42,16.51,21.3
2022,285,31.07,20.81,0.71,17.25,19.32
2022,286,28.51,22.1,9.46,17.65,9.42
2022,287,28.57,21.72,3.84,17.71,15.46
2022,288,29.84,21.48,1.43,17.08,20.41
2022,289,30.48,20.81,0.66,16.86,21.72
2022,290,31.31,21.07,0.01,15.67,21.72
2022,291,31.15,20.71,0.11,14.8,20.82
2022,292,31.2,21.85,0.24,15.09,21.66
2022,293,31.34,19.79,0.24,15.53,22.97
2022,294,31.42,20.06,0.05,15.84,19.38
2022,295,31.29,20.69,2.13,16.31,21.58
2022,296,31.65,21.3,0.03,15.73,23.53
2022,297,31.88,19.88,0.05,15.47,21.94
2022,298,30.82,22.5,3.29,17.74,19.54
2022,299,31.3,21.9,0.5,17.75,19.34
2022,300,31.52,20.26,0.02,15.29,22.97
2022,301,31.14,18.42,0.0,13.45,21.79
2022,302,31.19,18.27,0.0,13.76,21.82
2022,303,31.11,19.58,0.01,14.15,23.22
2022,304,30.9,17.85,0.0,13.62,21.69
2022,305,30.87,18.01,0.0,13.4,18.65
2022,306,30.27,19.66,0.01,13.56,21.83
2022,307,31.02,18.61,0.01,14.17,20.63
2022,308,29.64,20.65,0.07,16.2,17.94
2022,309,31.23,20.61,0.01,16.1,20.32
2022,310,30.87,19.79,0.02,13.36,22.29
2022,311,30.91,17.74,0.0,11.78,22.45
2022,312,31.09,16.99,0.0,12.46,22.68
2022,313,31.68,21.63,0.02,13.5,22.57
2022,314,31.94,20.59,0.03,13.21,21.15
2022,315,30.32,20.86,0.76,16.5,17.88
2022,316,30.51,20.81,0.41,15.95,19.8
2022,317,31.05,20.95,0.01,14.75,20.43
2022,318,31.26,18.3,0.0,12.59,22.22
2022,319,30.9,16.03,0.0,11.03,20.25
2022,320,30.44,16.69,0.0,11.64,21.96
2022,321,31.21,17.15,0.0,12.28,22.01
2022,322,31.28,17.68,0.01,12.97,21.07
2022,323,31.34,17.78,0.01,12.72,17.16
2022,324,30.57,17.36,0.0,11.84,17.65
2022,325,30.79,19.54,0.0,12.27,21.38
2022,326,31.18,18.11,0.0,11.97,22.09
2022,327,31.89,17.08,0.0,11.37,22.22
2022,328,31.71,14.92,0.0,9.84,21.51
2022,329,32.04,14.86,0.0,10.23,20.98
2022,330,31.66,15.63,0.0,10.6,21.5
2022,331,31.43,16.98,0.0,11.26,20.46
2022,332,31.74,17.44,0.0,11.14,20.89
2022,333,31.78,18.53,0.0,11.31,19.98
2022,334,31.53,15.97,0.02,11.13,19.9
2022,335,31.78,17.41,0.04,12.03,20.18
2022,336,31.07,19.74,0.03,14.33,18.75
2022,337,31.53,20.47,0.0,12.73,18.44
2022,338,33.29,18.04,0.0,11.89,19.72
2022,339,33.07,18.43,0.0,13.7,16.37
2022,340,31.68,17.74,0.0,10.77,21.01
2022,341,32.32,16.32,0.0,11.7,19.75
2022,342,32.59,19.26,0.0,12.98,18.22
2022,343,32.59,15.92,0.0,10.59,19.82
2022,344,31.55,15.69,0.0,9.29,20.07
2022,345,28.49,15.87,0.0,9.29,19.57
2022,346,31.73,17.29,0.0,10.96,19.64
2022,347,32.54,19.06,0.0,11.26,19.28
2022,348,32.89,17.08,0.0,9.8,20.31
2022,349,32.8,16.31,0.0,9.38,21.17
2022,350,33.05,16.46,0.0,10.03,20.3
2022,351,30.99,18.38,0.0,10.63,15.93
2022,352,31.94,15.59,0.0,9.52,16.27
2022,353,31.57,15.08,0.0,8.97,21.43
2022,354,31.89,15.81,0.0,8.47,18.49
2022,355,31.22,14.39,0.0,8.09,20.5
2022,356,30.04,13.47,0.0,7.9,18.41
2022,357,29.99,13.27,0.0,7.26,19.02
2022,358,29.98,13.71,0.0,7.21,16.42
2022,359,30.36,13.45,0.0,7.75,19.38
2022,360,31.94,13.93,0.0,8.9,19.7
2022,361,32.66,15.08,0.0,9.02,19.84
2022,362,32.62,14.96,0.0,8.46,20.42
2022,363,32.65,14.07,0.0,8.29,20.56
2022,364,31.93,13.75,0.0,7.03,20.55
2022,365,30.72,13.29,0.0,6.34,19.21
2023,1,32.42,12.71,0.0,7.4,19.26
2023,2,32.27,14.34,0.0,8.58,18.85
2023,3,31.31,14.85,0.0,8.96,16.53
2023,4,32.57,16.77,0.0,10.36,16.87
2023,5,31.75,17.62,0.0,9.98,14.77
2023,6,33.32,16.98,0.0,10.32,14.95
2023,7,33.66,17.13,0.0,9.54,18.17
2023,8,34.15,15.7,0.0,7.37,20.46
2023,9,33.83,14.29,0.0,7.02,21.57
2023,10,34.14,14.62,0.0,7.63,21.8
2023,11,32.45,14.83,0.0,8.12,17.57
2023,12,32.09,15.64,0.0,8.25,17.17
2023,13,31.58,14.93,0.0,7.64,16.47
2023,14,33.35,14.26,0.0,7.69,19.74
2023,15,32.11,15.88,0.0,8.47,18.05
2023,16,32.07,16.64,0.0,8.15,19.87
2023,17,32.32,15.19,0.0,7.78,19.9
2023,18,33.75,14.67,0.0,8.36,20.58
2023,19,34.66,16.66,0.0,9.28,19.63
2023,20,35.2,17.53,0.0,9.47,19.94
2023,21,35.37,19.96,0.0,10.63,19.49
2023,22,35.77,21.2,0.0,11.27,17.39
2023,23,35.4,19.23,0.01,11.74,18.55
2023,24,36.23,21.4,0.0,12.17,20.29
2023,25,37.19,19.31,0.0,8.31,21.93
2023,26,37.24,19.89,0.0,7.47,22.12
2023,27,34.74,20.37,0.0,13.33,21.19
2023,28,36.47,21.14,0.02,13.61,20.5
2023,29,34.14,22.69,0.01,12.93,18.74
2023,30,35.42,21.77,0.0,10.01,20.34
2023,31,33.72,17.71,0.0,6.14,19.39
2023,32,38.45,16.9,0.0,7.85,21.99
2023,33,35.74,19.41,0.0,13.46,20.58
2023,34,37.64,21.83,0.0,11.51,20.61
2023,35,37.29,20.54,0.0,9.03,19.77
2023,36,38.14,21.17,0.0,10.64,18.13
2023,37,36.18,21.64,0.02,13.43,19.4
2023,38,36.3,22.4,0.0,13.3,17.04
2023,39,37.56,21.23,0.0,10.3,21.37
2023,40,37.28,18.76,0.0,6.92,21.06
2023,41,37.91,19.57,0.0,9.07,20.49
2023,42,38.68,19.88,0.0,7.06,21.3
2023,43,37.52,17.44,0.0,5.14,23.17
2023,44,37.68,17.84,0.0,5.35,21.48
2023,45,36.52,18.17,0.0,5.77,21.16
2023,46,34.86,17.37,0.0,5.63,22.56
2023,47,34.08,16.4,0.0,5.36,18.22
2023,48,34.82,17.79,0.0,5.91,12.89
2023,49,35.77,18.06,0.0,6.77,15.47
2023,50,35.84,18.4,0.0,5.66,16.4
2023,51,36.73,17.81,0.0,5.63,19.13
2023,52,36.8,17.84,0.0,5.79,18.74
2023,53,36.26,20.09,0.0,8.79,18.01
2023,54,38.03,20.63,0.0,10.87,17.89
2023,55,38.65,21.23,0.0,10.97,18.06
2023,56,38.73,22.0,0.17,13.16,17.1
2023,57,39.06,23.84,0.09,13.44,20.45
2023,58,37.98,24.27,0.25,13.75,17.61
2023,59,36.62,23.96,0.58,13.91,17.03
2023,60,36.96,23.28,2.54,11.49,22.36
2023,61,39.3,21.71,0.0,12.91,24.17
2023,62,36.46,23.13,0.13,13.99,23.65
2023,63,39.14,23.36,0.16,14.5,23.26
2023,64,40.04,24.29,0.04,14.24,20.1
2023,65,40.74,25.39,0.02,13.86,21.79
2023,66,32.68,24.73,0.14,16.04,16.95
2023,67,35.06,24.0,0.89,15.98,21.97
2023,68,33.96,23.76,4.77,16.8,17.73
2023,69,38.19,23.26,0.22,15.05,19.74
2023,70,31.63,23.21,0.38,16.13,22.27
2023,71,34.64,23.27,0.1,15.47,16.27
2023,72,36.88,22.52,0.0,13.43,20.28
2023,73,38.69,21.38,0.0,11.52,25.75
2023,74,38.38,20.65,0.06,11.26,24.26
2023,75,39.34,22.1,0.03,11.89,23.52
2023,76,39.51,22.4,0.07,12.15,23.55
2023,77,36.06,23.31,1.97,13.8,19.95
2023,78,32.75,23.65,1.08,14.04,20.26
2023,79,35.75,22.34,0.04,13.68,24.96
2023,80,33.49,23.34,11.81,15.47,14.65
2023,81,32.22,21.97,9.82,16.11,20.75
2023,82,31.23,23.27,4.42,15.96,21.0
2023,83,34.2,21.93,0.01,14.51,24.49
2023,84,34.95,23.15,0.05,16.27,21.87
2023,85,34.95,23.42,0.36,15.98,20.84
2023,86,34.34,23.25,4.65,16.3,22.51
2023,87,35.53,22.61,0.21,15.2,20.72
2023,88,36.75,22.41,0.0,13.67,22.04
2023,89,32.7,23.9,0.11,16.05,19.23
2023,90,37.01,21.65,0.04,13.35,20.88
2023,91,35.98,23.76,0.0,15.57,20.7
2023,92,35.5,23.67,0.0,15.31,19.47
2023,93,32.99,24.51,0.84,15.7,19.12
2023,94,36.68,22.57,0.02,14.38,21.44
2023,95,37.81,24.25,0.7,15.23,22.61
2023,96,37.82,24.19,0.16,15.34,22.01
2023,97,33.75,25.18,2.47,16.96,22.25
2023,98,32.54,24.68,2.28,17.23,18.27
2023,99,33.41,24.3,0.09,16.58,19.04
2023,100,38.35,23.06,0.0,15.41,15.61
2023,101,39.2,24.21,0.17,13.56,22.98
2023,102,39.13,24.31,0.77,15.22,22.97
2023,103,38.3,24.29,1.51,15.53,21.92
2023,104,39.52,24.1,0.81,14.96,24.11
2023,105,38.26,24.63,1.93,15.82,16.75
2023,106,33.35,25.11,7.63,17.63,18.5
2023,107,35.83,23.9,1.8,16.62,18.57
2023,108,37.86,23.69,3.34,16.15,22.81
2023,109,36.88,24.0,8.28,17.26,12.42
2023,110,34.63,24.68,1.53,17.5,23.37
2023,111,34.06,24.23,0.09,17.48,19.89
2023,112,35.33,23.96,0.2,16.94,23.96
2023,113,33.98,24.44,4.96,17.98,19.58
2023,114,31.49,24.29,6.42,17.51,22.2
2023,115,35.87,23.49,0.06,15.4,25.48
2023,116,32.96,23.72,3.38,17.39,22.98
2023,117,31.95,23.44,12.71,17.6,19.29
2023,118,34.87,22.52,0.1,15.58,20.62
2023,119,32.74,22.85,1.17,16.52,7.83
2023,120,33.58,23.1,1.46,16.45,21.47
2023,121,35.45,22.02,0.77,15.61,22.65
2023,122,37.01,23.0,0.23,15.87,22.64
2023,123,36.28,23.73,2.55,16.54,25.71
2023,124,37.34,23.31,1.02,16.22,24.17
2023,125,36.65,24.01,0.23,15.92,20.21
2023,126,35.05,23.11,0.8,15.96,21.15
2023,127,36.72,23.92,0.6,15.8,24.0
2023,128,36.56,24.15,0.47,15.59,18.01
2023,129,36.64,24.53,0.21,15.95,23.23
2023,130,35.44,25.46,1.45,16.79,24.48
2023,131,37.04,24.49,0.89,16.92,23.33
2023,132,35.18,24.82,1.16,17.34,14.04
2023,133,39.04,24.47,0.67,16.27,20.45
2023,134,34.7,25.74,4.51,17.59,21.27
2023,135,33.17,24.72,4.73,18.49,15.7
2023,136,32.96,24.29,4.28,18.39,24.07
2023,137,35.03,24.28,1.05,17.41,24.12
2023,138,32.71,24.52,2.49,18.03,8.02
2023,139,33.96,24.52,5.0,18.32,24.8
2023,140,32.59,24.36,13.41,18.39,19.91
2023,141,30.09,24.31,2.86,19.28,15.45
2023,142,30.12,23.75,10.13,18.63,17.99
2023,143,32.68,23.35,1.64,18.05,19.83
2023,144,30.23,24.45,2.16,19.24,12.43
2023,145,32.87,23.14,0.49,18.74,20.59
2023,146,33.54,24.04,0.74,18.58,22.44
2023,147,34.35,24.44,0.18,18.4,16.01
2023,148,35.8,23.62,0.13,17.58,23.98
2023,149,34.18,24.33,0.62,17.88,18.18
2023,150,35.09,23.8,1.34,17.77,23.38
2023,151,33.78,24.09,1.19,18.01,22.35
2023,152,32.16,24.32,4.29,18.9,23.48
2023,153,30.29,24.35,6.8,18.86,18.38
2023,154,30.27,23.96,4.88,18.15,20.57
2023,155,31.99,23.07,4.01,17.98,17.54
2023,156,29.72,23.51,10.38,18.74,19.64
2023,157,30.78,23.99,2.27,18.62,15.09
2023,158,31.77,23.61,3.07,18.14,21.47
2023,159,31.27,23.11,8.15,17.8,19.2
2023,160,29.02,22.94,15.58,17.91,22.07
2023,161,28.31,22.57,7.87,17.85,14.0
2023,162,30.09,22.62,5.66,17.19,18.19
2023,163,27.2,22.62,6.76,17.11,20.6
2023,164,31.72,21.85,2.01,16.56,24.43
2023,165,31.55,22.56,7.2,17.8,15.18
2023,166,30.62,22.85,7.96,18.08,15.97
2023,167,30.31,23.11,10.71,17.97,22.09
2023,168,29.43,22.94,3.13,18.33,23.0
2023,169,30.15,23.58,4.57,19.06,20.18
2023,170,29.27,23.78,6.26,19.03,16.85
2023,171,29.2,23.11,1.33,17.67,13.08
2023,172,31.42,22.47,1.0,16.94,18.21
2023,173,29.23,22.34,0.29,16.76,9.77
2023,174,31.03,21.77,4.26,17.08,19.69
2023,175,28.22,22.97,12.84,17.93,10.5
2023,176,29.68,22.23,6.72,17.33,16.03
2023,177,30.73,21.99,0.64,17.18,18.64
2023,178,31.5,22.58,1.64,17.56,20.11
2023,179,29.73,22.79,3.82,18.02,14.04
2023,180,27.48,23.07,7.78,17.7,15.36
2023,181,30.98,21.81,3.44,17.26,20.07
2023,182,31.76,22.1,1.33,17.55,18.42
2023,183,30.37,23.13,6.9,17.93,9.16
2023,184,30.43,22.45,3.37,18.02,21.31
2023,185,31.13,22.32,6.92,18.05,10.94
2023,186,31.42,22.43,5.89,16.64,16.27
2023,187,32.25,20.66,0.41,16.19,19.94
2023,188,31.74,21.79,8.49,17.48,17.8
2023,189,28.38,22.89,1.61,18.33,10.84
2023,190,27.99,22.52,4.39,17.81,13.68
2023,191,30.96,22.2,1.15,17.54,18.96
2023,192,31.8,22.71,1.59,17.93,18.93
2023,193,30.3,23.27,11.43,17.93,15.44
2023,194,30.72,22.78,1.86,18.31,18.02
2023,195,30.04,22.51,1.66,18.01,21.48
2023,196,30.13,22.67,5.17,17.46,18.79
2023,197,32.3,22.33,6.39,17.51,20.95
2023,198,29.25,23.17,14.44,18.4,17.87
2023,199,30.39,22.73,21.11,18.59,20.91
2023,200,28.87,23.45,22.25,19.01,17.53
2023,201,29.28,23.56,3.47,18.85,19.48
2023,202,28.8,22.98,4.92,18.51,16.76
2023,203,28.33,22.89,8.63,18.05,17.89
2023,204,30.23,21.85,2.21,17.78,17.95
2023,205,28.3,22.22,11.07,17.94,13.86
2023,206,30.82,22.26,0.06,17.45,21.97
2023,207,31.28,22.31,0.45,18.3,16.81
2023,208,30.12,23.08,2.53,18.36,15.83
2023,209,28.01,23.3,5.89,18.86,14.82
2023,210,26.96,22.92,4.35,17.53,14.58
2023,211,30.04,21.4,5.21,17.67,18.33
2023,212,28.22,22.98,19.22,18.67,15.58
2023,213,29.16,22.47,7.37,18.27,12.34
2023,214,28.28,22.85,12.96,18.17,11.61
2023,215,29.21,22.19,5.12,17.78,18.83
2023,216,29.97,22.16,8.22,18.23,15.85
2023,217,28.42,23.05,7.33,18.41,11.4
2023,218,28.72,22.81,7.94,18.39,10.7
2023,219,28.76,22.26,6.39,16.94,11.01
2023,220,28.76,21.22,9.71,17.51,10.56
2023,221,27.16,22.89,5.65,18.2,11.42
2023,222,26.22,21.57,6.53,16.97,13.25
2023,223,28.0,21.42,3.12,17.52,12.86
2023,224,29.83,21.49,1.7,17.24,12.23
2023,225,28.22,22.72,29.63,18.29,11.38
2023,226,24.72,21.99,36.86,17.13,12.29
2023,227,29.35,21.91,2.25,17.32,14.0
2023,228,30.47,21.1,4.04,17.78,17.52
2023,229,28.08,22.72,3.69,18.64,20.01
2023,230,27.86,22.73,4.22,18.41,16.16
2023,231,27.77,22.77,8.44,18.36,14.95
2023,232,27.48,21.96,15.19,17.7,14.31
2023,233,29.36,21.39,3.6,18.06,17.14
2023,234,28.85,22.49,2.77,18.27,19.35
2023,235,28.47,22.88,5.32,18.62,14.16
2023,236,27.42,22.47,3.0,18.05,13.99
2023,237,30.17,21.94,1.02,17.48,15.92
2023,238,29.92,22.32,2.49,18.38,14.71
2023,239,28.83,22.66,5.66,18.27,13.83
2023,240,28.14,22.63,8.07,17.73,19.28
2023,241,29.96,22.2,5.45,18.29,22.06
2023,242,27.07,22.47,15.99,18.21,4.13
2023,243,29.63,20.85,0.2,16.99,15.67
2023,244,30.24,21.72,2.09,17.82,18.19
2023,245,28.23,22.59,11.54,18.12,8.91
2023,246,27.96,21.89,3.83,16.9,17.68
2023,247,30.0,21.3,4.4,17.6,11.59
2023,248,27.45,22.34,9.53,17.57,14.95
2023,249,30.63,20.84,0.34,17.41,21.54
2023,250,31.74,22.01,2.05,18.51,21.2
2023,251,29.13,23.41,9.5,18.87,15.64
2023,252,28.27,23.46,32.83,18.5,15.55
2023,253,29.14,22.82,5.0,18.21,14.92
2023,254,30.08,21.94,2.67,18.58,23.2
2023,255,29.0,23.14,14.14,19.06,10.26
2023,256,30.24,23.05,3.19,17.94,15.58
2023,257,29.42,22.64,1.73,18.31,16.08
2023,258,27.58,22.7,5.34,18.17,8.81
2023,259,26.04,22.25,28.59,18.04,19.28
2023,260,28.9,21.63,7.93,18.0,13.82
2023,261,29.3,21.77,6.9,17.8,16.39
2023,262,30.93,20.8,2.41,17.51,23.54
2023,263,28.33,22.04,0.66,17.66,22.91
2023,264,30.12,21.86,7.55,18.41,20.16
2023,265,28.36,23.01,5.58,18.69,17.51
2023,266,27.2,22.78,7.39,17.72,20.42
2023,267,27.87,21.77,5.69,17.59,14.14
2023,268,29.06,21.14,0.81,17.45,19.42
2023,269,30.74,21.95,1.99,18.15,20.05
2023,270,32.4,22.43,0.97,18.77,21.7
2023,271,29.72,23.28,3.54,19.25,19.72
2023,272,27.68,23.22,6.31,18.04,16.3
2023,273,31.14,21.44,1.33,17.38,19.87
2023,274,30.96,21.96,6.81,18.71,17.21
2023,275,27.46,23.83,12.62,18.81,14.36
2023,276,28.91,22.74,20.0,18.87,16.92
2023,277,30.03,21.83,16.55,18.43,15.61
2023,278,30.28,22.53,5.08,18.64,13.01
2023,279,29.42,23.4,6.93,18.99,15.84
2023,280,29.13,22.3,9.24,18.59,16.72
2023,281,27.61,23.29,5.42,18.11,12.49
2023,282,29.8,22.21,8.84,18.17,15.7
2023,283,30.34,22.92,5.94,18.34,18.59
2023,284,30.42,23.08,6.38,18.56,20.52
2023,285,29.06,23.13,5.51,18.22,17.34
2023,286,30.26,22.35,0.7,17.95,18.19
2023,287,31.34,23.38,0.15,18.41,17.8
2023,288,29.76,22.43,0.55,18.42,15.35
2023,289,27.62,22.99,2.67,18.23,19.58
2023,290,29.09,22.34,6.45,17.89,16.73
2023,291,31.6,21.96,4.25,17.68,22.05
2023,292,31.93,22.0,0.17,17.54,22.04
2023,293,30.92,22.44,0.9,18.08,22.91
2023,294,30.21,22.02,1.34,18.14,21.85
2023,295,32.18,22.07,0.17,17.61,23.27
2023,296,32.15,21.1,0.03,16.8,18.73
2023,297,32.61,22.36,0.02,17.34,22.76
2023,298,32.47,22.66,0.01,17.59,21.34
2023,299,32.37,22.81,0.0,17.18,22.39
2023,300,32.37,21.83,0.01,17.24,20.37
2023,301,31.62,21.26,0.13,17.01,20.32
2023,302,32.07,22.08,0.17,16.8,20.04
2023,303,32.73,21.91,0.11,15.9,20.09
2023,304,31.67,22.38,0.58,17.36,15.61
2023,305,29.9,22.85,1.06,18.11,18.93
2023,306,32.07,21.9,0.34,17.19,20.14
2023,307,32.25,22.13,0.85,17.06,19.92
2023,308,31.32,22.35,2.35,18.11,16.99
2023,309,30.82,22.22,3.61,17.97,17.92
2023,310,32.01,22.64,3.09,17.68,20.96
2023,311,31.43,22.63,0.61,17.89,20.26
2023,312,30.36,22.76,0.47,17.73,21.24
2023,313,31.88,22.7,1.19,17.43,19.57
2023,314,32.02,22.04,0.56,16.96,20.99
2023,315,32.34,21.67,0.08,16.67,21.2
2023,316,32.56,21.3,0.02,16.8,20.03
2023,317,32.84,21.92,0.01,14.58,22.11
2023,318,32.94,18.76,0.0,12.42,22.08
2023,319,31.63,19.61,0.02,15.93,19.77
2023,320,32.84,21.38,0.01,16.53,17.03
2023,321,32.78,20.79,0.0,15.41,17.39
2023,322,30.2,20.57,0.0,12.18,19.07
2023,323,32.74,20.44,0.0,12.12,19.88
2023,324,32.84,21.34,0.0,12.09,18.62
2023,325,33.3,18.98,0.0,12.16,19.69
2023,326,32.67,19.29,0.06,15.52,19.33
2023,327,32.21,22.28,0.15,17.36,19.51
2023,328,30.18,22.39,0.37,18.03,16.29
2023,329,30.13,23.05,2.39,18.12,16.26
2023,330,30.08,21.95,13.07,17.1,15.08
2023,331,32.83,21.17,0.0,15.93,19.85
2023,332,33.03,21.47,0.0,14.92,20.47
2023,333,32.85,20.23,0.0,15.41,19.33
2023,334,32.57,21.54,0.01,15.8,19.95
2023,335,33.79,21.15,0.0,13.1,20.95
2023,336,34.01,20.17,0.0,12.12,20.88
2023,337,33.52,17.19,0.0,10.1,22.47
2023,338,33.88,19.04,0.0,9.21,21.93
2023,339,33.69,20.82,0.01,9.99,22.01
2023,340,33.49,19.74,0.0,11.01,21.35
2023,341,33.49,17.88,0.0,10.13,20.9
2023,342,33.56,19.98,0.0,10.78,19.99
2023,343,33.92,18.04,0.0,9.58,20.18
2023,344,33.76,14.35,0.0,7.57,22.38
2023,345,33.56,17.46,0.0,8.12,21.39
2023,346,31.51,14.26,0.0,7.68,21.2
2023,347,31.65,12.41,0.0,7.24,19.84
2023,348,32.38,15.18,0.0,8.41,19.14
2023,349,33.37,16.72,0.0,9.85,19.22
2023,350,33.79,16.78,0.0,10.19,18.56
2023,351,33.88,16.89,0.0,8.58,18.48
2023,352,34.21,16.1,0.0,8.25,21.68
2023,353,34.68,16.54,0.0,8.85,20.29
2023,354,33.49,15.91,0.0,8.23,20.62
2023,355,33.86,14.37,0.0,7.42,20.48
2023,356,34.85,15.61,0.0,8.53,19.94
2023,357,34.46,16.46,0.0,8.17,19.9
2023,358,34.62,15.68,0.0,7.91,20.95
2023,359,33.63,15.09,0.0,7.61,20.23
2023,360,33.33,13.67,0.0,7.17,20.3
2023,361,33.47,14.27,0.0,7.36,20.1
2023,362,33.91,15.18,0.0,8.24,18.46
2023,363,33.96,15.98,0.0,8.48,18.59
2023,364,34.25,16.27,0.0,8.06,19.08
2023,365,34.66,16.66,0.0,8.3,19.42
2024,1,35.0,16.98,0.0,9.43,18.64
2024,2,35.91,19.46,0.0,10.82,18.22
2024,3,35.68,19.44,0.0,10.71,19.64
2024,4,35.51,20.39,0.0,11.21,19.41
2024,5,35.99,18.01,0.0,8.9,20.28
2024,6,35.88,17.89,0.0,10.6,19.64
2024,7,35.89,21.48,0.0,11.68,19.1
2024,8,35.85,17.2,0.0,7.36,20.52
2024,9,36.14,15.39,0.0,6.81,20.91
2024,10,36.26,18.47,0.0,7.1,21.74
2024,11,35.73,15.38,0.0,6.02,21.7
2024,12,34.72,15.36,0.0,5.76,20.51
2024,13,35.17,13.91,0.0,5.87,19.05
2024,14,34.78,14.66,0.0,5.9,20.29
2024,15,34.55,14.34,0.0,5.47,20.8
2024,16,34.59,14.39,0.0,5.04,20.51
2024,17,34.34,13.51,0.0,4.93,21.43
2024,18,35.16,14.23,0.0,6.18,20.9
2024,19,34.97,17.78,0.0,7.16,19.67
2024,20,35.99,16.99,0.0,5.68,20.71
2024,21,36.91,15.41,0.0,5.02,21.7
2024,22,37.48,14.48,0.0,4.8,23.55
2024,23,35.61,17.82,0.01,9.13,20.89
2024,24,36.24,19.12,0.01,10.36,19.77
2024,25,34.03,16.28,0.0,4.95,19.68
2024,26,34.02,15.56,0.0,5.56,20.95
2024,27,34.78,17.37,0.0,6.04,18.92
2024,28,35.53,16.64,0.0,6.18,18.54
2024,29,35.98,17.07,0.0,7.1,18.66
2024,30,36.84,19.42,0.0,8.53,18.09
2024,31,36.69,18.84,0.0,7.96,18.3
2024,32,36.47,19.24,0.0,7.35,17.73
2024,33,35.18,18.49,0.0,6.48,16.69
2024,34,34.15,18.5,0.0,5.69,16.87
2024,35,35.87,17.86,0.0,5.68,17.35
2024,36,32.11,18.4,0.0,5.46,15.98
2024,37,35.71,19.21,0.0,5.65,19.41
2024,38,35.01,18.38,0.0,5.6,18.0
2024,39,35.17,17.13,0.0,5.3,16.52
2024,40,36.27,17.63,0.0,5.64,16.22
2024,41,36.75,19.36,0.0,6.96,17.54
2024,42,38.63,20.33,0.0,10.46,19.24
2024,43,39.43,21.51,0.0,11.55,20.25
2024,44,39.73,22.83,0.0,11.73,21.87
2024,45,39.99,20.96,0.0,10.23,22.81
2024,46,38.63,17.88,0.0,5.07,22.9
2024,47,38.47,17.31,0.0,5.19,22.53
2024,48,37.24,20.34,0.02,10.04,20.15
2024,49,37.76,21.73,0.01,12.72,18.98
2024,50,38.63,24.58,0.06,11.03,19.51
2024,51,38.66,23.35,0.0,8.1,20.35
2024,52,38.7,23.49,0.01,10.56,20.61
2024,53,38.52,23.54,0.07,7.67,19.52
2024,54,37.69,22.92,0.25,12.25,17.02
2024,55,38.16,23.69,0.0,13.7,19.4
2024,56,39.08,23.44,0.0,12.48,21.7
2024,57,39.43,22.71,0.0,12.03,21.78
2024,58,38.85,24.72,0.03,14.33,22.78
2024,59,40.01,24.84,0.02,14.54,22.58
2024,60,39.45,24.93,0.01,14.43,18.75
2024,61,37.99,24.82,0.1,15.69,19.91
2024,62,38.09,26.09,0.31,15.42,19.91
2024,63,38.44,25.45,0.15,15.81,17.01
2024,64,38.95,25.95,0.11,15.36,21.01
2024,65,40.83,25.57,0.0,14.79,20.58
2024,66,40.48,25.97,0.0,15.19,20.67
2024,67,38.26,26.04,0.0,15.43,20.5
2024,68,39.52,25.41,0.0,14.76,22.59
2024,69,38.47,24.91,0.0,14.46,20.0
2024,70,40.67,24.6,0.0,15.05,23.54
2024,71,40.56,25.84,0.0,14.79,23.31
2024,72,38.1,25.5,0.01,14.82,20.47
2024,73,40.47,25.16,0.24,16.16,20.65
2024,74,34.06,25.91,9.7,18.13,14.53
2024,75,37.95,24.39,3.84,16.76,22.46
2024,76,40.13,24.58,0.01,15.25,24.0
2024,77,38.2,24.64,0.01,16.75,23.95
2024,78,37.91,24.71,0.23,15.44,22.62
2024,79,38.22,23.7,0.33,12.41,21.99
2024,80,38.73,22.74,0.03,14.31,22.73
2024,81,39.14,25.52,1.37,15.47,19.95
2024,82,37.16,25.51,0.05,15.45,18.58
2024,83,33.94,25.6,0.83,16.36,19.32
2024,84,34.11,24.99,2.32,16.99,20.75
2024,85,38.02,24.64,0.0,15.79,21.28
2024,86,35.49,25.42,0.03,16.28,21.47
2024,87,40.24,25.02,0.0,16.06,22.82
2024,88,42.24,26.44,0.04,15.53,22.25
2024,89,41.57,27.17,0.19,15.75,22.46
2024,90,39.7,26.03,0.02,16.84,21.37
2024,91,37.47,26.2,0.12,17.07,24.61
2024,92,37.07,25.77,0.0,17.34,20.52
2024,93,37.98,25.17,0.01,16.16,21.7
2024,94,36.69,25.38,0.1,17.25,19.53
2024,95,40.59,25.33,1.59,16.2,23.39
2024,96,38.83,25.91,2.86,16.59,22.32
2024,97,33.55,25.74,8.91,17.63,22.2
2024,98,36.5,24.43,2.38,17.16,21.48
2024,99,31.92,24.53,15.86,18.64,20.23
2024,100,33.6,24.37,0.17,17.86,23.58
2024,101,35.36,24.19,0.48,17.21,20.44
2024,102,37.16,23.67,0.04,16.38,17.88
2024,103,36.71,24.54,0.0,15.81,21.24
2024,104,34.84,24.45,0.05,17.17,18.23
2024,105,37.54,24.29,0.58,16.1,21.24
2024,106,39.48,24.16,0.03,14.65,23.92
2024,107,39.48,25.38,0.01,15.47,16.44
2024,108,38.54,24.65,0.0,15.5,24.25
2024,109,38.37,24.79,0.0,15.32,23.25
2024,110,39.07,25.12,0.0,16.64,25.08
2024,111,40.52,25.39,0.0,16.32,24.53
2024,112,36.94,26.34,5.11,17.26,9.91
2024,113,34.41,25.06,6.07,18.49,20.58
2024,114,32.8,24.84,9.56,18.86,18.1
2024,115,35.68,24.45,0.56,17.82,24.42
2024,116,35.55,24.55,0.58,18.38,22.08
2024,117,36.47,24.89,0.1,18.33,23.92
2024,118,36.29,25.19,0.48,18.42,22.55
2024,119,34.65,25.04,0.43,18.63,22.93
2024,120,35.38,25.25,1.91,18.58,18.68
2024,121,37.98,24.99,0.11,18.03,22.85
2024,122,33.38,25.43,1.2,18.97,17.91
2024,123,37.39,24.47,0.96,17.01,21.55
2024,124,33.43,25.2,0.21,16.74,16.27
2024,125,34.4,24.4,0.34,17.4,25.13
2024,126,39.28,24.07,0.26,17.14,25.52
2024,127,33.7,25.79,1.48,18.12,17.96
2024,128,34.24,24.7,4.42,17.33,19.67
2024,129,36.69,25.39,11.47,17.85,23.28
2024,130,37.6,24.72,11.88,17.12,19.52
2024,131,37.82,24.24,5.07,17.52,22.43
2024,132,31.69,25.22,8.99,19.55,6.2
2024,133,34.91,24.54,1.26,18.44,20.26
2024,134,33.51,24.66,1.27,17.74,18.96
2024,135,36.76,23.47,2.05,16.48,15.13
2024,136,35.37,23.63,4.93,17.83,23.12
2024,137,32.68,24.69,2.21,18.84,11.44
2024,138,36.3,24.22,4.67,17.92,23.31
2024,139,36.21,25.06,1.67,18.33,23.16
2024,140,37.1,24.35,0.15,18.49,22.25
2024,141,36.82,25.25,0.22,18.68,21.88
2024,142,35.84,25.88,1.67,18.56,23.87
2024,143,34.1,24.97,2.28,18.71,17.97
2024,144,35.63,24.5,0.58,17.9,24.45
2024,145,34.46,24.62,2.88,18.31,22.16
2024,146,29.57,24.22,10.48,19.1,10.73
2024,147,35.47,23.51,0.52,17.11,23.92
2024,148,32.5,23.85,1.48,17.67,22.22
2024,149,37.59,23.6,0.09,17.39,21.49
2024,150,36.71,24.3,0.56,17.76,15.64
2024,151,34.09,24.86,4.74,18.17,11.17
2024,152,35.64,23.85,3.78,17.66,21.69
2024,153,34.16,24.49,8.49,18.39,23.25
2024,154,31.34,24.04,13.25,18.75,14.3
2024,155,30.78,24.06,9.9,18.58,22.63
2024,156,31.23,23.83,4.76,18.64,19.05
2024,157,31.31,23.89,1.37,18.45,17.62
2024,158,28.96,23.98,35.85,19.48,20.49
2024,159,29.86,23.59,0.91,18.12,19.37
2024,160,31.51,22.65,0.1,17.85,10.78
2024,161,30.99,22.84,0.44,18.16,21.45
2024,162,30.87,23.45,1.37,18.43,16.18
2024,163,31.5,23.54,6.41,18.14,17.66
2024,164,33.56,22.99,3.29,17.03,22.02
2024,165,32.82,23.38,8.54,18.34,22.04
2024,166,32.61,23.85,10.8,19.26,11.79
2024,167,28.87,24.01,18.31,18.8,14.83
2024,168,29.75,23.13,0.64,17.08,12.93
2024,169,32.17,21.97,0.26,16.14,15.42
2024,170,34.02,22.04,0.06,17.29,20.57
2024,171,33.54,24.16,0.76,18.4,22.0
2024,172,29.03,24.35,3.18,19.18,14.44
2024,173,29.94,23.58,3.25,18.44,16.0
2024,174,33.5,22.83,0.44,16.56,22.02
2024,175,32.88,23.06,0.02,17.27,21.48
2024,176,32.67,23.28,0.41,17.74,12.29
2024,177,30.66,23.62,11.38,18.21,15.65
2024,178,31.14,22.8,10.79,17.61,19.41
2024,179,31.03,22.47,0.97,17.7,12.21
2024,180,32.03,22.88,1.62,18.21,16.48
2024,181,30.46,23.07,6.65,17.92,14.84
2024,182,29.57,23.12,3.11,17.82,15.69
2024,183,32.07,22.47,0.65,17.66,19.81
2024,184,31.93,23.22,2.39,17.9,20.19
2024,185,29.12,23.15,57.77,18.28,13.27
2024,186,30.32,22.38,1.52,17.59,18.01
2024,187,30.6,21.99,1.05,17.57,17.32
2024,188,28.19,23.05,5.86,17.94,10.92
2024,189,28.39,22.47,3.35,18.04,16.1
2024,190,27.36,22.3,13.28,18.23,14.54
2024,191,30.16,21.45,14.21,17.46,20.16
2024,192,29.72,22.14,1.29,17.76,17.15
2024,193,28.54,22.74,2.88,17.99,5.87
2024,194,28.33,22.68,5.98,17.83,16.09
2024,195,29.02,22.07,6.77,17.78,14.64
2024,196,29.95,22.28,1.01,17.68,17.75
2024,197,29.85,22.79,4.15,18.15,15.03
2024,198,28.11,23.39,2.01,18.63,13.09
2024,199,27.87,23.54,3.37,18.77,13.7
2024,200,30.06,23.28,8.99,18.39,13.19
2024,201,29.21,22.88,6.4,18.34,14.83
2024,202,27.89,22.82,12.54,17.88,7.88
2024,203,29.11,22.07,5.84,17.49,10.24
2024,204,29.54,21.87,4.19,17.64,12.97
2024,205,27.4,22.5,12.44,17.56,14.94
2024,206,29.28,22.21,1.15,17.53,12.4
2024,207,29.37,22.49,0.36,17.73,13.45
2024,208,30.91,22.39,0.49,17.73,16.67
2024,209,31.04,22.48,0.58,17.8,15.98
2024,210,29.83,22.87,1.78,18.05,6.63
2024,211,26.25,22.25,8.4,17.14,10.69
2024,212,30.05,21.81,0.77,17.33,14.51
2024,213,30.91,22.36,1.98,17.95,17.37
2024,214,30.31,22.65,4.3,17.81,18.53
2024,215,30.7,21.63,1.56,17.01,16.83
2024,216,29.65,21.86,5.67,17.36,14.33
2024,217,27.02,22.17,1.44,17.29,14.36
2024,218,30.73,22.33,0.3,17.48,14.88
2024,219,29.25,22.6,1.58,17.56,9.14
2024,220,31.42,22.45,0.71,17.56,10.57
2024,221,32.2,22.65,0.22,17.12,10.47
2024,222,32.54,22.06,0.17,17.03,19.02
2024,223,30.71,23.0,0.67,16.84,17.31
2024,224,32.45,22.37,0.72,16.75,17.77
2024,225,32.38,22.43,1.83,17.3,14.57
2024,226,29.62,22.27,2.59,16.94,11.83
2024,227,32.16,22.33,1.55,16.32,16.44
2024,228,32.6,22.06,1.51,16.93,16.66
2024,229,28.72,23.12,2.72,17.35,10.61
2024,230,32.54,22.14,0.53,16.35,7.38
2024,231,33.49,22.04,0.62,16.6,16.17
2024,232,29.12,23.46,5.33,17.99,10.8
2024,233,30.49,22.75,2.75,16.98,15.87
2024,234,32.42,22.21,0.22,16.38,15.46
2024,235,32.82,22.8,9.5,17.52,20.15
2024,236,28.27,23.22,19.82,18.68,7.53
2024,237,29.11,21.66,7.02,17.42,12.73
2024,238,28.9,22.38,2.26,17.95,14.56
2024,239,28.62,22.96,3.12,18.55,9.63
2024,240,30.0,22.88,4.3,18.24,9.95
2024,241,28.53,22.23,0.86,17.47,11.23
2024,242,30.03,22.48,6.49,17.89,12.73
2024,243,26.82,22.73,90.91,18.27,4.57
2024,244,26.4,22.12,9.37,17.61,9.61
2024,245,29.3,21.37,1.71,17.37,15.42
2024,246,29.78,20.85,1.54,17.41,19.38
2024,247,28.73,21.66,4.55,17.58,20.69
2024,248,27.94,22.09,4.14,17.74,17.72
2024,249,30.34,21.41,1.26,17.23,22.3
2024,250,30.23,21.0,3.09,17.18,20.09
2024,251,25.84,23.01,47.69,18.55,7.57
2024,252,29.49,21.76,7.9,17.88,15.65
2024,253,30.63,22.12,2.87,18.16,23.33
2024,254,28.96,23.06,6.97,18.75,12.33
2024,255,28.16,22.49,3.27,17.91,15.16
2024,256,29.86,22.45,1.43,18.16,15.73
2024,257,28.27,22.74,10.16,18.66,15.28
2024,258,28.17,22.33,5.93,18.25,13.7
2024,259,29.59,22.59,1.53,18.11,17.36
2024,260,30.05,22.64,4.39,18.08,19.15
2024,261,28.18,22.87,5.67,17.84,16.49
2024,262,29.05,21.96,6.48,17.68,10.74
2024,263,29.49,22.26,3.65,17.62,15.07
2024,264,29.44,22.41,2.96,17.95,14.08
2024,265,30.8,22.25,3.58,18.36,21.17
2024,266,28.55,23.5,3.75,18.38,10.95
2024,267,29.3,22.98,7.24,18.16,12.15
2024,268,29.73,22.48,3.51,17.72,15.62
2024,269,30.08,21.11,4.28,17.29,14.06
2024,270,30.42,21.37,1.42,17.62,18.1
2024,271,31.22,22.05,2.64,18.17,20.61
2024,272,29.18,23.15,9.26,18.37,14.15
2024,273,27.95,22.5,8.61,17.84,14.93
2024,274,30.0,21.61,5.31,17.88,16.84
2024,275,29.81,22.19,7.14,18.28,13.5
2024,276,29.26,22.43,5.95,18.09,16.38
2024,277,28.6,23.09,11.46,18.99,21.22
2024,278,27.97,23.19,11.85,18.62,13.68
2024,279,28.87,22.16,8.23,17.62,14.67
2024,280,28.19,22.08,13.09,17.22,15.27
2024,281,29.43,21.44,13.87,17.32,20.61
2024,282,30.32,21.42,6.87,18.05,18.94
2024,283,29.26,22.78,8.89,18.58,17.6
2024,284,30.24,22.49,5.42,18.02,20.33
2024,285,29.99,21.51,6.24,17.87,19.52
2024,286,27.84,23.22,7.96,18.01,17.33
2024,287,30.6,21.92,6.25,18.1,17.29
2024,288,28.58,21.73,4.06,16.56,20.28
2024,289,30.45,20.13,1.85,16.45,19.92
2024,290,30.69,21.7,1.23,17.55,19.73
2024,291,30.57,22.19,3.64,18.03,19.96
2024,292,29.23,22.32,1.74,17.63,17.51
2024,293,31.48,21.5,0.96,17.02,23.44
2024,294,32.01,21.05,2.01,17.28,19.53
2024,295,30.45,22.39,1.56,18.19,16.8
2024,296,30.43,21.86,7.03,18.25,19.12
2024,297,31.85,22.06,1.39,17.84,18.76
2024,298,32.49,21.79,0.01,17.46,22.5
2024,299,29.68,21.52,0.12,17.08,17.11
2024,300,31.2,22.12,1.69,17.62,19.21
2024,301,31.69,21.52,0.05,16.09,21.54
2024,302,32.29,18.67,0.02,15.17,21.67
2024,303,32.43,20.95,0.02,14.95,22.63
2024,304,33.05,19.76,0.02,14.04,19.75
2024,305,33.14,20.11,0.0,14.72,20.83
2024,306,32.84,18.49,0.0,12.07,21.91
2024,307,28.91,17.5,0.02,11.41,22.63
2024,308,31.72,21.14,0.23,14.21,19.71
2024,309,32.38,18.74,0.0,12.33,23.06
2024,310,32.14,16.01,0.0,11.27,23.26
2024,311,32.55,15.07,0.0,10.97,22.04
2024,312,32.72,17.56,0.0,11.9,20.42
2024,313,33.39,19.62,0.0,13.31,21.28
2024,314,32.91,18.72,0.0,12.14,19.61
2024,315,33.55,17.08,0.0,11.7,21.14
2024,316,33.66,17.64,0.0,11.94,21.77
2024,317,34.3,17.78,0.0,11.99,21.69
2024,318,34.72,19.02,0.0,12.36,20.97
2024,319,35.3,19.21,0.0,12.41,21.85
2024,320,35.65,18.46,0.0,11.29,21.14
2024,321,34.18,16.98,0.0,9.12,21.78
2024,322,34.16,14.98,0.0,8.85,22.81
2024,323,34.12,15.93,0.0,9.96,21.53
2024,324,32.57,16.56,0.0,9.74,20.21
2024,325,33.98,16.94,0.0,9.91,20.5
2024,326,34.09,16.46,0.0,9.96,21.25
2024,327,34.47,15.78,0.0,9.24,21.01
2024,328,34.71,17.0,0.0,9.01,21.48
2024,329,34.17,15.34,0.0,8.68,22.93
2024,330,33.88,15.05,0.0,8.41,21.83
2024,331,33.16,16.06,0.0,8.73,22.18
2024,332,33.22,15.16,0.0,8.73,21.2
2024,333,32.06,14.4,0.0,8.91,20.37
2024,334,32.65,14.24,0.0,8.66,20.55
2024,335,32.81,14.35,0.0,8.6,20.24
2024,336,31.83,15.7,0.0,9.28,18.67
2024,337,34.05,16.47,0.0,9.98,19.59
2024,338,34.54,16.71,0.0,9.74,20.17
2024,339,32.98,15.05,0.0,8.88,21.77
2024,340,33.19,14.46,0.0,7.63,22.33
2024,341,33.49,14.34,0.0,7.75,17.2
2024,342,33.88,15.59,0.0,8.51,20.45
2024,343,32.5,14.81,0.0,8.83,19.98
2024,344,34.93,15.98,0.0,9.35,18.78
2024,345,32.91,17.3,0.0,9.88,19.26
2024,346,31.77,19.01,0.0,11.09,15.94
2024,347,33.81,17.81,0.0,10.39,17.39
2024,348,34.31,16.25,0.0,7.95,21.18
2024,349,33.91,15.8,0.0,6.92,22.09
2024,350,34.21,14.13,0.0,7.22,19.93
2024,351,33.65,14.53,0.0,7.99,17.86
2024,352,33.21,15.14,0.0,7.53,17.17
2024,353,32.23,14.28,0.0,6.85,19.13
2024,354,30.59,12.98,0.0,6.48,20.26
2024,355,30.68,12.67,0.0,6.49,20.04
2024,356,31.81,12.26,0.0,6.84,18.04
2024,357,31.02,14.01,0.0,7.47,17.36
2024,358,34.12,14.96,0.0,8.38,17.79
2024,359,34.65,15.76,0.0,8.86,18.03
2024,360,34.72,16.1,0.0,8.37,19.22
2024,361,34.92,15.9,0.0,7.55,20.67
2024,362,34.43,14.63,0.0,6.29,20.52
2024,363,35.94,14.19,0.0,6.76,20.36
2024,364,36.5,15.7,0.0,7.59,19.62
2024,365,36.71,16.72,0.0,8.53,18.48
2024,366,37.23,18.44,0.0,9.46,19.04
2025,1,37.22,18.5,0.0,9.51,19.57
2025,2,36.94,18.85,0.0,9.03,19.6
2025,3,36.16,19.27,0.0,9.21,18.18
2025,4,35.69,18.01,0.0,7.94,19.51
2025,5,36.31,17.84,0.0,7.52,19.61
2025,6,36.1,17.42,0.0,7.56,20.13
2025,7,36.36,17.07,0.0,7.76,20.04
2025,8,35.22,16.72,0.0,7.73,19.45
2025,9,34.9,16.45,0.0,6.84,19.66
2025,10,33.02,14.4,0.0,6.59,19.91
2025,11,31.48,14.2,0.0,6.57,20.96
2025,12,33.99,15.68,0.0,6.59,18.81
2025,13,35.05,15.28,0.0,6.55,19.8
2025,14,35.52,15.78,0.0,6.87,19.26
2025,15,33.92,18.0,0.0,7.39,19.45
2025,16,36.86,19.57,0.0,8.02,18.19
2025,17,34.6,18.4,0.0,7.7,19.42
2025,18,36.26,17.94,0.0,7.32,19.12
2025,19,36.1,17.7,0.0,7.58,17.67
2025,20,36.67,19.75,0.0,9.72,19.28
2025,21,37.04,21.07,0.0,10.51,20.12
2025,22,37.46,21.97,0.0,8.84,20.75
2025,23,36.97,18.29,0.0,7.19,21.5
2025,24,34.53,17.28,0.0,7.59,19.38
2025,25,36.87,18.22,0.0,8.15,18.93
2025,26,36.29,17.02,0.0,6.46,21.88
2025,27,34.41,18.45,0.0,6.01,21.91
2025,28,35.69,16.1,0.0,5.76,21.43
2025,29,35.52,15.7,0.0,5.88,20.59
2025,30,35.4,15.52,0.0,6.08,20.66
2025,31,36.11,17.09,0.0,6.66,19.42
2025,32,35.59,20.77,3.73,10.18,16.36
2025,33,33.35,23.08,3.96,13.2,20.06
2025,34,33.66,19.69,0.0,8.67,16.59
2025,35,37.11,17.78,0.0,6.82,21.52
2025,36,37.33,17.57,0.0,6.15,21.12
2025,37,37.62,16.95,0.0,7.02,20.54
2025,38,37.54,21.13,0.04,8.92,19.9
2025,39,37.56,22.82,0.0,11.22,18.32
2025,40,37.38,22.16,0.0,8.21,14.88
2025,41,38.45,21.03,0.0,8.37,16.85
2025,42,37.96,19.78,0.0,7.07,21.64
2025,43,37.64,18.09,0.0,6.6,21.45
2025,44,37.37,17.71,0.0,6.23,20.91
2025,45,32.97,19.06,0.0,5.33,18.59
2025,46,37.67,17.31,0.0,4.98,20.15
2025,47,38.4,17.97,0.0,5.44,21.99
2025,48,38.91,18.17,0.0,5.52,22.53
2025,49,39.51,21.52,0.0,6.75,21.71
2025,50,38.33,22.09,0.02,12.23,18.58
2025,51,39.48,23.15,0.01,11.64,21.58
2025,52,39.21,24.13,0.01,13.02,17.76
2025,53,38.13,25.47,0.26,13.37,20.9
2025,54,35.12,24.01,0.02,13.02,13.44
2025,55,36.94,24.1,0.0,9.93,15.64
2025,56,36.41,20.5,0.0,5.72,19.12
2025,57,37.85,20.17,0.0,5.92,16.36
2025,58,37.9,23.13,0.03,11.23,16.3
2025,59,38.54,23.6,0.01,11.46,17.88
2025,60,39.9,24.3,0.0,9.19,20.82
2025,61,40.59,22.85,0.0,10.04,20.83
2025,62,41.53,24.1,0.0,10.77,21.17
2025,63,40.93,24.61,0.0,13.76,20.42
2025,64,39.53,25.79,0.09,14.64,20.1
2025,65,39.45,26.19,0.07,14.33,20.82
2025,66,39.21,25.95,0.12,14.3,20.33
2025,67,40.57,26.75,0.01,13.71,19.36
2025,68,40.28,25.9,0.85,14.35,20.46
2025,69,38.37,25.95,3.56,15.95,21.3
2025,70,36.36,26.05,47.01,17.63,20.5
2025,71,36.92,25.2,0.06,17.06,19.13
2025,72,36.42,25.19,0.88,17.07,19.68
2025,73,33.2,24.92,0.6,17.53,19.67
2025,74,38.78,23.94,0.02,16.08,22.2
2025,75,39.1,24.47,0.01,14.93,23.16
2025,76,39.64,23.74,0.1,13.99,22.5
2025,77,39.85,23.13,0.24,13.97,23.48
2025,78,38.61,24.36,0.4,14.44,24.18
2025,79,38.84,25.12,1.21,14.91,20.16
2025,80,39.2,24.07,0.27,13.9,22.44
2025,81,39.76,24.74,0.05,14.91,20.92
2025,82,39.25,25.2,0.05,14.33,23.52
2025,83,38.2,24.83,0.02,14.45,20.15
2025,84,39.05,25.24,2.25,15.04,21.27
2025,85,36.34,25.68,4.81,16.91,21.33
2025,86,34.27,24.7,0.01,17.2,23.09
2025,87,36.63,24.79,0.6,16.67,23.4
2025,88,39.27,24.23,0.1,15.59,22.89
2025,89,38.62,24.97,0.07,16.23,23.05
2025,90,40.52,25.12,0.02,14.87,23.1
2025,91,39.97,24.82,0.02,15.05,21.72
2025,92,40.32,25.32,0.12,14.81,20.8
2025,93,40.18,25.71,0.08,14.44,23.32
2025,94,41.95,24.99,0.01,11.28,24.13
2025,95,42.03,23.6,0.01,10.19,26.27
2025,96,40.23,25.05,0.01,13.44,22.61
2025,97,41.48,25.06,0.05,15.08,23.28
2025,98,39.77,26.11,3.96,15.75,24.37
2025,99,38.91,25.84,2.03,15.84,19.77
2025,100,38.01,25.62,0.75,15.94,22.38
2025,101,36.91,25.33,0.32,16.23,22.24
2025,102,38.23,25.17,0.23,15.79,19.7
2025,103,39.76,25.56,0.07,14.82,23.64
2025,104,40.4,25.96,0.04,14.43,23.03
2025,105,39.78,25.51,2.22,15.38,20.07
2025,106,35.35,25.68,6.43,17.73,19.52
2025,107,36.4,24.63,1.85,17.33,18.11
2025,108,38.78,24.55,0.83,16.56,23.24
2025,109,39.53,24.88,0.08,15.88,23.57
2025,110,40.01,25.04,3.7,15.84,22.9
2025,111,37.8,25.39,1.83,16.84,23.67
2025,112,40.09,24.58,0.44,15.99,21.94
2025,113,37.31,25.74,0.88,16.3,19.88
2025,114,40.7,24.46,0.63,15.35,22.68
2025,115,41.98,25.19,0.97,15.67,24.96
2025,116,36.84,25.3,5.97,16.95,17.58
2025,117,31.93,24.72,6.19,18.31,20.19
2025,118,38.31,23.93,0.01,15.25,21.59
2025,119,35.79,24.1,0.53,16.38,19.74
2025,120,31.15,23.87,0.45,16.11,21.62
2025,121,35.87,23.52,3.08,16.28,9.74
2025,122,30.91,24.41,0.22,16.8,17.66
2025,123,33.14,23.95,0.01,16.42,19.29
2025,124,32.79,23.93,0.03,17.16,20.42
2025,125,37.76,23.47,0.36,16.34,21.59
2025,126,35.03,24.69,1.73,17.41,21.75
2025,127,36.85,24.88,3.02,16.94,18.92
2025,128,38.57,24.18,0.13,16.48,21.06
2025,129,40.26,24.92,0.82,15.69,22.29
2025,130,37.68,25.05,1.99,16.17,22.85
2025,131,40.09,24.51,0.09,15.07,23.53
2025,132,39.14,25.47,0.62,15.52,25.27
2025,133,38.96,25.19,0.6,16.01,20.88
2025,134,39.0,25.14,0.92,15.27,22.08
2025,135,33.04,26.14,5.4,16.9,22.57
2025,136,36.82,25.09,0.16,16.16,22.08
2025,137,34.08,24.77,13.27,17.32,9.62
2025,138,33.94,24.04,2.9,16.96,12.95
2025,139,36.71,23.5,0.23,16.84,23.55
2025,140,38.1,23.8,0.88,16.24,14.9
2025,141,35.59,24.37,0.51,16.24,23.66
2025,142,38.2,23.93,0.14,16.15,22.68
2025,143,35.86,24.82,2.23,17.41,19.87
2025,144,32.49,24.91,3.6,17.51,21.23
2025,145,35.77,24.08,1.43,16.5,22.01
2025,146,37.1,23.58,0.06,15.78,21.23
2025,147,35.64,24.64,2.02,16.62,15.8
2025,148,31.14,24.07,13.71,17.88,18.97
2025,149,31.85,23.6,3.77,17.45,13.28
2025,150,35.37,23.2,0.42,16.26,22.46
2025,151,37.5,23.23,0.07,15.98,23.41
2025,152,34.29,24.49,0.34,17.92,12.65
2025,153,33.66,24.29,1.24,17.41,23.3
2025,154,32.74,23.8,5.1,17.54,15.13
2025,155,28.13,23.62,4.56,17.42,17.85
2025,156,31.72,22.53,8.98,16.66,22.98
2025,157,33.46,22.97,3.69,17.58,18.98
2025,158,32.4,23.38,3.74,18.05,13.48
2025,159,31.26,23.51,8.21,17.8,23.06
2025,160,32.52,22.74,1.43,17.35,22.54
2025,161,33.42,23.21,3.29,17.33,20.7
2025,162,33.04,23.18,7.61,17.79,10.06
2025,163,31.21,23.12,1.54,17.24,23.12
2025,164,30.1,23.05,5.89,17.68,13.09
2025,165,28.87,22.89,7.26,17.32,9.9
2025,166,32.32,22.73,1.35,16.51,23.04
2025,167,33.23,22.53,0.77,16.64,21.45
2025,168,32.4,22.91,1.93,17.19,15.91
2025,169,29.92,23.11,3.85,17.71,22.03
2025,170,33.07,23.04,0.0,16.47,19.86
2025,171,34.31,22.33,0.09,16.66,18.3
2025,172,32.74,23.01,7.73,16.83,5.72
2025,173,33.23,22.95,4.99,17.49,21.53
2025,174,31.25,23.16,5.85,17.81,19.3
2025,175,32.78,22.39,1.28,17.12,21.25
2025,176,31.79,23.03,3.3,17.24,20.76
2025,177,30.5,22.75,8.22,17.46,14.36
2025,178,31.54,22.46,5.64,16.84,20.2
2025,179,33.14,21.98,0.25,16.92,21.95
2025,180,32.67,22.96,0.63,17.4,21.14
2025,181,31.96,23.58,3.66,17.87,20.17
2025,182,32.32,22.14,3.92,16.16,19.61
2025,183,31.97,22.09,13.42,16.42,18.59
2025,184,29.68,22.21,13.22,16.91,16.03
2025,185,24.54,22.09,5.81,16.85,15.26
2025,186,25.46,22.1,7.31,16.81,15.14
2025,187,29.81,21.37,10.66,16.47,12.35
2025,188,28.25,22.08,11.36,16.75,-999.0
2025,189,30.16,21.67,17.0,16.68,13.39
2025,190,28.74,21.63,2.55,16.43,18.38
2025,191,28.99,21.16,1.54,16.33,20.86
2025,192,32.25,21.64,7.11,16.65,20.85
2025,193,30.08,22.01,27.37,16.83,10.39
2025,194,27.7,21.64,15.08,16.43,8.6
2025,195,30.29,20.98,1.6,15.69,19.21
2025,196,29.2,21.73,7.63,16.61,14.44
2025,197,30.43,21.31,1.88,16.2,21.16
2025,198,29.31,21.68,1.18,15.64,15.58
2025,199,30.43,20.93,0.5,15.52,12.37
2025,200,33.59,20.72,6.46,15.67,20.66
2025,201,29.31,22.35,1.43,16.67,15.49
2025,202,28.2,22.49,5.24,16.77,10.69
2025,203,27.12,21.98,2.58,16.69,13.07
2025,204,30.56,21.61,5.02,16.35,16.53
2025,205,29.58,22.01,5.51,16.68,19.89
2025,206,30.41,21.53,3.6,16.18,17.6
2025,207,25.38,21.64,3.82,16.56,10.49
2025,208,28.07,21.53,2.18,16.44,8.09
2025,209,31.99,21.18,10.57,16.49,-999.0
2025,210,31.28,21.76,3.03,16.65,11.18
2025,211,30.58,22.1,0.97,16.86,10.74
2025,212,25.08,22.27,5.87,16.71,8.68
2025,213,25.81,21.75,6.32,16.7,13.63
2025,214,30.27,20.86,2.24,16.3,20.44
2025,215,32.16,22.0,15.92,17.01,16.94
2025,216,29.5,22.24,11.8,16.68,12.21
2025,217,27.53,21.81,2.38,16.15,14.88
2025,218,29.65,21.07,6.96,16.19,19.5
2025,219,29.67,21.73,14.64,16.85,16.87
2025,220,26.27,21.9,6.37,16.68,15.05
2025,221,23.49,20.54,13.37,16.3,6.64
2025,222,29.3,19.75,1.04,15.97,15.6
2025,223,30.46,21.14,4.55,16.13,16.36
2025,224,27.05,21.53,7.53,16.48,13.58
2025,225,29.25,21.09,6.88,16.27,14.08
2025,226,27.73,21.64,6.07,16.51,10.25
2025,227,25.01,21.22,10.56,16.35,9.48
2025,228,27.18,20.89,17.1,16.28,9.79
2025,229,28.69,21.47,7.43,16.27,15.78
2025,230,26.34,21.43,4.27,16.03,14.63
2025,231,29.35,20.32,1.93,15.84,15.33
2025,232,29.46,21.0,5.69,16.51,18.81
2025,233,27.94,21.48,4.59,16.18,15.93
2025,234,25.88,21.19,1.84,16.0,-999.0
2025,235,30.95,21.21,5.32,16.24,-999.0
2025,236,-999.0,-999.0,-999.0,-999.0,-999.0
2025,237,-999.0,-999.0,-999.0,-999.0,-999.0
2025,238,-999.0,-999.0,-999.0,-999.0,-999.0
